ApprovalID,ApplicationID,LeadID,CustomerID,ProductID,Branch,Region,ApprovalDate,ApprovalStatus,ApprovedAmount,CreditLimit
1,1,1,25795,17,HN1,Central,2024-05-18,Approved,95423501,95423501
2,2,2,10860,39,HN1,Central,2024-07-24,Approved,76644441,76644441
5,5,5,16265,13,CT1,South,2024-04-10,Approved,32540306,32540306
7,7,7,47194,18,HN1,South,2024-11-28,Approved,88535504,88535504
8,8,8,97498,33,HCM2,Central,2024-08-08,Approved,349336902,349336902
9,9,9,54131,6,HCM1,North,2024-04-07,Approved,295315796,295315796
10,10,10,70263,27,HN1,North,2024-03-16,Approved,18693691,18693691
13,13,13,77221,34,CT1,Central,2024-08-05,Approved,204708722,204708722
15,15,15,10769,38,HCM2,North,2024-04-08,Approved,45908383,45908383
17,17,17,72955,36,CT1,North,2024-02-28,Approved,373422682,373422682
18,18,18,74925,8,CT1,Central,2024-12-12,Approved,122907596,122907596
19,19,19,77969,35,HCM1,South,2024-02-26,Approved,418296421,418296421
22,22,22,63707,14,HCM1,Central,2024-04-17,Approved,371869038,371869038
24,24,24,38693,49,CT1,North,2024-02-20,Approved,233654367,233654367
25,25,25,81932,25,DN1,North,2024-07-20,Approved,393651378,393651378
29,29,29,12747,26,HCM1,South,2024-12-08,Approved,349224050,349224050
30,30,30,69150,38,DN1,South,2024-07-19,Approved,290988206,290988206
32,32,32,94654,22,DN1,North,2024-11-22,Approved,414748794,414748794
36,36,36,76803,3,HCM2,South,2024-06-18,Approved,398703657,398703657
38,38,38,21394,19,CT1,North,2024-07-09,Approved,139057948,139057948
39,39,39,79092,9,HCM2,South,2024-06-15,Approved,430059451,430059451
52,52,52,58555,17,HN1,North,2024-06-28,Approved,208273147,208273147
53,53,53,27159,30,HN1,Central,2024-06-27,Approved,274891805,274891805
55,55,55,45920,33,HCM2,Central,2024-07-07,Approved,426053312,426053312
56,56,56,77121,25,HCM2,Central,2024-03-27,Approved,54916854,54916854
59,59,59,29457,35,HN1,South,2025-01-03,Approved,274207150,274207150
61,61,61,87189,14,CT1,South,2024-02-16,Approved,245057051,245057051
62,62,62,88953,30,HN1,Central,2024-08-04,Approved,238599463,238599463
64,64,64,50757,4,HCM1,North,2024-10-31,Approved,421763430,421763430
65,65,65,19692,4,HCM2,South,2024-12-18,Approved,247837499,247837499
66,66,66,55758,28,DN1,South,2024-08-31,Approved,16290537,16290537
70,70,70,47065,46,HN1,Central,2024-03-26,Approved,115674033,115674033
76,76,76,65591,48,HCM2,South,2024-10-01,Approved,430510267,430510267
77,77,77,99812,30,CT1,South,2024-07-31,Approved,244930504,244930504
85,85,85,73704,48,HN1,South,2024-08-19,Approved,460235380,460235380
86,86,86,96779,20,HN1,South,2024-08-14,Approved,83811580,83811580
87,87,87,49099,37,CT1,South,2024-03-07,Approved,242459849,242459849
91,91,91,71228,9,CT1,South,2024-02-27,Approved,203640804,203640804
92,92,92,58984,9,DN1,North,2024-09-21,Approved,333212015,333212015
95,95,95,72592,17,HN1,Central,2024-11-17,Approved,115195944,115195944
97,97,97,12695,24,CT1,North,2024-06-08,Approved,177898042,177898042
98,98,98,58190,32,HN1,South,2024-12-27,Approved,294709621,294709621
99,99,99,15258,1,HCM1,South,2025-01-03,Approved,67597918,67597918
100,100,100,97538,8,HCM1,Central,2024-05-22,Approved,48037302,48037302
102,102,102,43159,23,HCM2,Central,2024-05-01,Approved,288519708,288519708
103,103,103,23986,47,HN1,South,2024-02-21,Approved,358493925,358493925
109,109,109,74505,15,HN1,South,2024-05-02,Approved,193621295,193621295
112,112,112,18392,26,HCM1,Central,2024-05-01,Approved,40742600,40742600
113,113,113,40535,29,HCM2,South,2024-09-22,Approved,447602076,447602076
114,114,114,88603,22,DN1,Central,2024-03-17,Approved,346168392,346168392
116,116,116,99135,21,HCM2,Central,2024-01-12,Approved,354821093,354821093
117,117,117,45222,38,HCM1,North,2025-01-06,Approved,357610465,357610465
121,121,121,73335,7,HCM2,Central,2024-08-11,Approved,49853882,49853882
122,122,122,20965,28,HCM1,North,2024-10-13,Approved,429045047,429045047
123,123,123,34538,28,HCM2,North,2024-02-05,Approved,88069811,88069811
124,124,124,80592,4,HN1,South,2024-08-27,Approved,190098453,190098453
125,125,125,18110,22,HN1,South,2024-11-14,Approved,54462168,54462168
129,129,129,92948,22,DN1,North,2024-12-20,Approved,119787931,119787931
130,130,130,16910,44,HN1,South,2024-06-13,Approved,218272762,218272762
133,133,133,97897,34,CT1,South,2024-02-13,Approved,360856747,360856747
137,137,137,64268,8,CT1,South,2024-07-30,Approved,237159295,237159295
138,138,138,97939,23,DN1,South,2024-09-03,Approved,276688371,276688371
143,143,143,77214,18,HN1,Central,2024-08-05,Approved,332915807,332915807
144,144,144,43827,17,HCM2,Central,2024-12-29,Approved,85027436,85027436
145,145,145,65820,12,CT1,Central,2024-04-23,Approved,390331669,390331669
147,147,147,91734,26,HCM1,Central,2024-07-04,Approved,340339949,340339949
149,149,149,32299,8,HN1,North,2024-09-11,Approved,177950528,177950528
152,152,152,52557,1,HCM2,South,2024-03-29,Approved,291932882,291932882
153,153,153,59080,29,DN1,South,2024-08-09,Approved,49844770,49844770
156,156,156,35939,35,HCM2,Central,2024-12-10,Approved,249469846,249469846
161,161,161,36105,45,HCM1,South,2024-11-05,Approved,437347403,437347403
163,163,163,25707,49,HCM1,Central,2024-11-09,Approved,90020468,90020468
164,164,164,31976,13,HN1,South,2024-06-14,Approved,412829747,412829747
170,170,170,16776,43,HN1,North,2024-08-08,Approved,50953753,50953753
173,173,173,68053,26,HCM1,North,2024-03-19,Approved,208147518,208147518
175,175,175,15530,21,HCM1,South,2024-07-16,Approved,306731011,306731011
176,176,176,13748,49,HCM1,South,2024-10-22,Approved,341232009,341232009
177,177,177,23545,42,CT1,Central,2024-01-16,Approved,387306924,387306924
179,179,179,44766,41,CT1,North,2024-10-20,Approved,58081838,58081838
180,180,180,83530,9,DN1,Central,2024-09-07,Approved,204931776,204931776
183,183,183,64384,49,DN1,South,2024-10-10,Approved,85481524,85481524
188,188,188,93211,39,CT1,Central,2024-01-17,Approved,332369464,332369464
189,189,189,62733,41,CT1,North,2024-12-21,Approved,304250746,304250746
190,190,190,75318,39,HN1,Central,2024-02-25,Approved,105137457,105137457
193,193,193,77172,46,CT1,Central,2024-02-07,Approved,107846090,107846090
194,194,194,95616,19,HCM2,North,2024-09-22,Approved,360576944,360576944
195,195,195,36736,11,HCM1,North,2024-01-20,Approved,34930743,34930743
198,198,198,17392,45,CT1,North,2024-02-10,Approved,158357046,158357046
200,200,200,56717,40,HN1,North,2024-02-06,Approved,381246197,381246197
205,205,205,73734,8,HCM2,Central,2024-04-24,Approved,141077850,141077850
206,206,206,80467,45,CT1,Central,2024-09-28,Approved,366560509,366560509
208,208,208,22688,48,DN1,South,2024-10-27,Approved,385696928,385696928
210,210,210,47157,45,HCM1,North,2024-04-06,Approved,138533931,138533931
212,212,212,62083,39,HN1,South,2024-09-17,Approved,204588293,204588293
214,214,214,99045,5,CT1,South,2024-09-22,Approved,106905221,106905221
215,215,215,44698,8,CT1,North,2024-12-12,Approved,161415905,161415905
216,216,216,90623,25,DN1,Central,2024-04-04,Approved,104344341,104344341
217,217,217,32671,27,DN1,Central,2024-04-06,Approved,365476045,365476045
219,219,219,52107,23,DN1,Central,2024-03-16,Approved,111650551,111650551
220,220,220,96202,30,CT1,Central,2024-02-21,Approved,486031260,486031260
222,222,222,25708,47,HCM1,Central,2024-06-03,Approved,185022289,185022289
224,224,224,12811,49,HCM2,North,2024-01-22,Approved,128725693,128725693
226,226,226,82082,20,DN1,Central,2024-04-06,Approved,334769845,334769845
230,230,230,77270,4,DN1,North,2024-09-08,Approved,55544593,55544593
234,234,234,93879,18,HCM1,North,2024-05-02,Approved,345856195,345856195
238,238,238,47504,28,HCM1,South,2024-11-28,Approved,248044814,248044814
249,249,249,56843,41,HCM1,North,2024-10-03,Approved,314111463,314111463
251,251,251,87371,2,HN1,North,2024-05-21,Approved,132419072,132419072
252,252,252,12049,11,CT1,North,2024-06-23,Approved,232528033,232528033
253,253,253,41616,13,DN1,Central,2024-07-30,Approved,282118961,282118961
256,256,256,71434,18,CT1,North,2025-01-05,Approved,368415285,368415285
258,258,258,53016,39,HCM1,Central,2024-01-12,Approved,46297118,46297118
260,260,260,52642,3,HN1,South,2024-07-30,Approved,96166954,96166954
262,262,262,61407,6,HN1,Central,2024-04-08,Approved,131378677,131378677
269,269,269,22874,30,DN1,Central,2024-04-02,Approved,211208534,211208534
271,271,271,15539,2,HCM1,Central,2024-09-08,Approved,300259864,300259864
273,273,273,71267,41,HN1,Central,2024-12-22,Approved,90720011,90720011
274,274,274,58354,12,HCM1,South,2024-06-17,Approved,359276297,359276297
275,275,275,12557,35,DN1,South,2024-08-14,Approved,489659171,489659171
276,276,276,48360,43,CT1,South,2024-08-13,Approved,160146119,160146119
280,280,280,56975,26,CT1,Central,2024-06-03,Approved,111353652,111353652
281,281,281,31357,37,DN1,South,2024-08-07,Approved,67114843,67114843
283,283,283,12869,49,CT1,Central,2024-02-12,Approved,182585701,182585701
285,285,285,60108,25,HCM2,Central,2024-12-01,Approved,274174687,274174687
286,286,286,48467,23,HN1,South,2024-09-12,Approved,244329049,244329049
290,290,290,68871,21,HCM2,Central,2024-12-12,Approved,158616664,158616664
291,291,291,32399,43,DN1,Central,2024-09-23,Approved,335369396,335369396
295,295,295,54064,45,HCM1,Central,2024-01-13,Approved,148244843,148244843
296,296,296,80091,9,HN1,North,2024-04-24,Approved,176549773,176549773
303,303,303,57333,3,HCM1,Central,2024-05-07,Approved,113764264,113764264
307,307,307,15895,41,HCM2,South,2024-04-02,Approved,136344785,136344785
310,310,310,59377,11,HCM1,South,2024-12-15,Approved,233878152,233878152
311,311,311,58404,48,DN1,South,2024-01-19,Approved,265747265,265747265
314,314,314,15600,33,DN1,North,2024-01-18,Approved,200123852,200123852
317,317,317,55714,34,HCM2,Central,2024-12-03,Approved,80342987,80342987
320,320,320,66491,7,DN1,Central,2024-11-25,Approved,54257708,54257708
323,323,323,92989,1,HCM2,North,2024-10-10,Approved,117409240,117409240
324,324,324,46212,1,CT1,South,2024-04-27,Approved,338072973,338072973
325,325,325,53525,47,HCM1,North,2024-01-10,Approved,140868461,140868461
328,328,328,73208,29,HCM2,South,2024-04-28,Approved,18578212,18578212
337,337,337,20492,11,HCM1,Central,2024-06-28,Approved,173216634,173216634
342,342,342,44584,8,DN1,South,2024-05-25,Approved,417317211,417317211
343,343,343,42745,34,DN1,Central,2024-02-13,Approved,356112405,356112405
344,344,344,33093,48,DN1,South,2024-12-02,Approved,410645207,410645207
345,345,345,76105,12,HCM2,North,2024-10-12,Approved,137030561,137030561
347,347,347,46631,1,CT1,South,2024-11-11,Approved,70888248,70888248
348,348,348,82991,31,HCM2,North,2024-11-18,Approved,212370579,212370579
351,351,351,28070,45,HN1,Central,2024-02-28,Approved,366732144,366732144
352,352,352,45777,5,HCM1,North,2024-06-06,Approved,20887759,20887759
354,354,354,92074,24,HN1,North,2024-04-24,Approved,61441356,61441356
362,362,362,29190,43,DN1,South,2024-01-14,Approved,290506139,290506139
367,367,367,18716,30,HCM2,North,2024-02-01,Approved,61353184,61353184
368,368,368,98891,42,DN1,North,2024-05-31,Approved,241723671,241723671
370,370,370,99912,37,DN1,Central,2024-12-10,Approved,202960785,202960785
371,371,371,80316,42,CT1,North,2024-12-08,Approved,258085565,258085565
372,372,372,12368,37,HN1,Central,2024-03-12,Approved,299353190,299353190
373,373,373,87575,35,DN1,South,2024-10-31,Approved,42269525,42269525
376,376,376,86429,4,HCM2,North,2024-03-18,Approved,399176951,399176951
377,377,377,97922,18,HCM2,South,2024-04-25,Approved,39863915,39863915
378,378,378,65766,9,DN1,North,2024-04-29,Approved,23636165,23636165
380,380,380,42097,29,HN1,Central,2024-07-24,Approved,190919665,190919665
381,381,381,88657,13,HCM2,North,2024-06-04,Approved,196007345,196007345
387,387,387,65609,22,HCM2,South,2024-02-20,Approved,204964937,204964937
390,390,390,80313,37,HCM2,Central,2024-07-20,Approved,267313460,267313460
391,391,391,63006,41,HN1,South,2024-02-27,Approved,301344195,301344195
392,392,392,25338,49,HCM2,South,2024-08-06,Approved,29052216,29052216
393,393,393,78027,13,CT1,North,2024-06-06,Approved,362401934,362401934
395,395,395,29508,45,HCM1,South,2024-12-08,Approved,71529164,71529164
404,404,404,42093,21,CT1,North,2024-05-07,Approved,42247474,42247474
408,408,408,82615,44,HCM1,South,2024-04-12,Approved,412067110,412067110
415,415,415,89634,35,DN1,North,2024-12-15,Approved,248183447,248183447
419,419,419,18308,11,HCM2,North,2024-01-31,Approved,166370881,166370881
420,420,420,15949,36,CT1,Central,2024-06-28,Approved,281918127,281918127
422,422,422,11150,35,CT1,South,2024-11-30,Approved,321887432,321887432
423,423,423,99480,18,HCM2,Central,2024-08-30,Approved,19334177,19334177
424,424,424,84740,40,DN1,Central,2024-08-07,Approved,171926238,171926238
426,426,426,26896,24,DN1,Central,2024-10-15,Approved,178005922,178005922
428,428,428,17805,37,HCM2,Central,2024-03-26,Approved,76496355,76496355
432,432,432,66556,28,DN1,Central,2024-05-02,Approved,100592606,100592606
436,436,436,39375,36,HCM2,North,2024-12-23,Approved,429398913,429398913
437,437,437,19662,19,HCM1,North,2024-06-09,Approved,327382349,327382349
438,438,438,26964,27,CT1,South,2024-03-20,Approved,179878766,179878766
440,440,440,83666,11,HCM1,Central,2024-12-16,Approved,152524711,152524711
442,442,442,77215,47,CT1,South,2024-11-17,Approved,487106853,487106853
444,444,444,23284,21,HCM1,Central,2024-12-18,Approved,390640693,390640693
449,449,449,64340,17,HN1,Central,2024-06-25,Approved,79505369,79505369
450,450,450,54078,20,HCM1,North,2024-05-22,Approved,347582673,347582673
451,451,451,88832,41,HN1,North,2024-02-26,Approved,263537014,263537014
452,452,452,61293,46,DN1,South,2024-12-08,Approved,221237372,221237372
453,453,453,88781,12,CT1,Central,2024-12-18,Approved,363571741,363571741
457,457,457,45247,26,HCM2,South,2024-09-05,Approved,430883067,430883067
458,458,458,72752,48,HN1,North,2024-04-20,Approved,33565764,33565764
466,466,466,75417,33,HN1,South,2024-03-23,Approved,73907589,73907589
468,468,468,19823,23,HN1,Central,2024-12-16,Approved,457574645,457574645
472,472,472,26364,17,DN1,North,2024-04-29,Approved,145919360,145919360
473,473,473,14611,14,HCM2,North,2024-04-03,Approved,52471527,52471527
476,476,476,67679,28,HCM1,Central,2024-03-03,Approved,373363747,373363747
479,479,479,98223,4,CT1,Central,2024-11-28,Approved,86104022,86104022
480,480,480,70890,7,CT1,North,2024-09-13,Approved,28764427,28764427
483,483,483,69275,48,HCM2,North,2024-05-29,Approved,211834582,211834582
486,486,486,45195,45,HCM2,North,2024-09-23,Approved,257376123,257376123
487,487,487,14000,17,CT1,Central,2024-12-27,Approved,18456743,18456743
489,489,489,48304,49,HCM2,Central,2024-06-02,Approved,293794299,293794299
490,490,490,79449,33,HN1,South,2024-01-27,Approved,406835873,406835873
492,492,492,99643,8,CT1,South,2024-09-05,Approved,307617738,307617738
495,495,495,48494,3,DN1,Central,2024-02-12,Approved,161242520,161242520
500,500,500,98668,31,HCM2,Central,2024-12-13,Approved,280555699,280555699
501,501,501,25305,16,CT1,North,2024-08-16,Approved,284895584,284895584
502,502,502,85353,32,DN1,Central,2024-08-10,Approved,291522025,291522025
509,509,509,99588,42,CT1,Central,2024-02-17,Approved,310461197,310461197
510,510,510,48513,21,HN1,North,2024-12-02,Approved,240045577,240045577
512,512,512,21338,12,HN1,South,2025-01-01,Approved,116883687,116883687
515,515,515,43496,24,DN1,North,2024-02-22,Approved,107923576,107923576
516,516,516,70692,35,HCM2,South,2024-05-22,Approved,299303541,299303541
522,522,522,57295,8,HCM1,North,2024-02-25,Approved,194823356,194823356
526,526,526,47841,7,DN1,Central,2024-01-31,Approved,355955251,355955251
529,529,529,44911,3,HCM2,South,2024-04-06,Approved,34717911,34717911
530,530,530,69031,1,HCM2,North,2024-09-02,Approved,76873233,76873233
531,531,531,98726,36,HCM2,Central,2024-12-01,Approved,262754110,262754110
532,532,532,17357,25,HN1,North,2024-01-22,Approved,56759577,56759577
533,533,533,42479,37,HCM1,North,2024-01-11,Approved,383872241,383872241
534,534,534,71476,1,HCM2,North,2024-07-17,Approved,427827488,427827488
540,540,540,78450,5,CT1,South,2024-08-02,Approved,389493699,389493699
543,543,543,24397,36,HN1,South,2024-04-11,Approved,435614799,435614799
561,561,561,61934,13,HCM1,Central,2024-01-11,Approved,334671403,334671403
562,562,562,74895,45,HCM1,North,2024-03-10,Approved,390677981,390677981
565,565,565,70921,45,HCM2,South,2024-09-13,Approved,135193184,135193184
566,566,566,15486,19,CT1,North,2024-01-13,Approved,416720531,416720531
567,567,567,18335,38,CT1,North,2024-05-04,Approved,223175134,223175134
569,569,569,99112,2,DN1,Central,2024-04-11,Approved,287322915,287322915
572,572,572,70566,34,HN1,North,2024-05-22,Approved,136147789,136147789
574,574,574,37192,16,CT1,North,2024-02-08,Approved,115551063,115551063
576,576,576,94076,2,HCM2,South,2024-03-14,Approved,292540286,292540286
577,577,577,99780,2,HCM2,Central,2024-11-07,Approved,332654989,332654989
578,578,578,31545,26,CT1,South,2024-07-24,Approved,152457164,152457164
581,581,581,98461,31,DN1,North,2024-11-14,Approved,438419808,438419808
583,583,583,33714,39,HCM2,North,2024-10-08,Approved,28508614,28508614
584,584,584,48102,3,DN1,South,2024-04-13,Approved,246717310,246717310
588,588,588,82267,27,HN1,Central,2024-06-07,Approved,170133398,170133398
592,592,592,82592,1,HCM2,Central,2024-07-21,Approved,353951090,353951090
595,595,595,11542,30,HCM1,Central,2024-10-20,Approved,111107328,111107328
596,596,596,31677,13,HN1,South,2024-10-04,Approved,216013847,216013847
600,600,600,72856,25,HCM1,South,2024-05-11,Approved,303451310,303451310
602,602,602,29065,31,HCM2,Central,2024-01-18,Approved,146422750,146422750
603,603,603,93460,17,CT1,South,2024-05-02,Approved,357361638,357361638
605,605,605,64693,32,DN1,North,2024-08-14,Approved,214480410,214480410
606,606,606,36962,10,CT1,South,2024-04-18,Approved,133425238,133425238
608,608,608,23807,36,DN1,North,2024-07-22,Approved,394877075,394877075
612,612,612,67854,14,DN1,North,2024-03-23,Approved,182161537,182161537
613,613,613,50262,28,HN1,South,2024-12-07,Approved,277121178,277121178
614,614,614,47080,46,DN1,Central,2024-07-12,Approved,26700486,26700486
616,616,616,45909,15,HN1,North,2024-08-09,Approved,89391270,89391270
618,618,618,29870,30,HCM1,North,2024-11-18,Approved,151562975,151562975
628,628,628,96769,18,HCM2,Central,2024-12-25,Approved,42700827,42700827
629,629,629,19435,34,HN1,North,2024-04-12,Approved,328922013,328922013
633,633,633,67799,49,HN1,North,2024-05-29,Approved,339575193,339575193
635,635,635,35470,31,HCM1,North,2024-08-24,Approved,87247208,87247208
636,636,636,52344,49,HN1,South,2024-06-28,Approved,432829720,432829720
639,639,639,49298,18,CT1,Central,2024-08-10,Approved,103416086,103416086
640,640,640,90219,32,HN1,Central,2024-03-25,Approved,443549704,443549704
647,647,647,77641,41,DN1,South,2024-06-06,Approved,159515656,159515656
651,651,651,30559,29,HCM1,South,2024-01-09,Approved,263600623,263600623
652,652,652,71642,28,HCM2,North,2024-08-06,Approved,180997345,180997345
655,655,655,40354,43,HCM1,Central,2024-05-09,Approved,287541398,287541398
661,661,661,62638,4,CT1,South,2024-04-30,Approved,104715190,104715190
662,662,662,62736,36,HN1,South,2024-10-19,Approved,105461197,105461197
664,664,664,29087,15,HCM1,Central,2024-06-22,Approved,324494145,324494145
667,667,667,17114,49,DN1,North,2024-04-02,Approved,180062772,180062772
668,668,668,88859,6,CT1,North,2024-06-25,Approved,289164044,289164044
671,671,671,31447,37,HCM1,South,2024-07-11,Approved,96610360,96610360
672,672,672,33959,17,DN1,South,2024-12-26,Approved,434331658,434331658
673,673,673,76203,23,DN1,South,2024-08-12,Approved,326659491,326659491
678,678,678,94665,25,HN1,South,2024-04-23,Approved,386345678,386345678
684,684,684,57605,43,HCM1,Central,2024-06-07,Approved,147886019,147886019
685,685,685,48088,13,DN1,Central,2024-07-18,Approved,326711662,326711662
686,686,686,88752,37,HCM1,Central,2024-07-19,Approved,243097464,243097464
688,688,688,67043,24,HN1,North,2024-07-18,Approved,67651310,67651310
692,692,692,44349,4,HCM2,North,2024-04-19,Approved,383294830,383294830
698,698,698,60990,20,HCM2,North,2024-06-26,Approved,72899428,72899428
700,700,700,75545,19,DN1,North,2024-02-19,Approved,122904145,122904145
701,701,701,94791,12,HCM1,South,2024-05-04,Approved,323074683,323074683
703,703,703,33793,42,HCM2,Central,2024-10-30,Approved,187457456,187457456
704,704,704,66570,17,DN1,North,2024-07-02,Approved,380569541,380569541
706,706,706,11015,48,DN1,South,2024-06-17,Approved,108240033,108240033
707,707,707,71813,39,CT1,South,2024-07-09,Approved,153352734,153352734
710,710,710,72292,35,HN1,South,2024-02-23,Approved,79507995,79507995
712,712,712,14158,48,DN1,North,2024-01-11,Approved,28947094,28947094
715,715,715,16970,35,HCM2,Central,2024-04-29,Approved,194387804,194387804
718,718,718,56540,7,HCM1,South,2024-11-18,Approved,389651667,389651667
721,721,721,85880,18,HCM1,South,2024-01-25,Approved,222710655,222710655
725,725,725,50943,31,DN1,Central,2024-02-22,Approved,131590593,131590593
726,726,726,57926,2,CT1,Central,2024-07-27,Approved,238898326,238898326
727,727,727,39189,16,HCM1,South,2024-12-09,Approved,424849399,424849399
728,728,728,22763,9,HCM1,Central,2024-03-27,Approved,283004751,283004751
734,734,734,33574,36,DN1,North,2024-09-06,Approved,85480359,85480359
738,738,738,14809,45,HCM1,Central,2024-02-20,Approved,20370637,20370637
739,739,739,42201,34,HCM1,South,2024-12-30,Approved,241180075,241180075
740,740,740,63330,9,HN1,South,2024-12-28,Approved,143257100,143257100
741,741,741,23456,24,HCM1,Central,2024-12-20,Approved,467880731,467880731
743,743,743,48765,7,DN1,Central,2024-09-13,Approved,236482968,236482968
746,746,746,63932,3,CT1,South,2024-09-29,Approved,382940997,382940997
750,750,750,80080,44,CT1,North,2024-08-31,Approved,367471751,367471751
755,755,755,24489,36,HCM1,North,2024-07-16,Approved,315254541,315254541
758,758,758,53125,35,HCM1,South,2024-01-16,Approved,155602073,155602073
759,759,759,59922,13,CT1,South,2024-12-20,Approved,383524950,383524950
764,764,764,34285,10,DN1,South,2024-03-04,Approved,437205182,437205182
765,765,765,47626,46,HCM2,South,2024-04-11,Approved,231672841,231672841
766,766,766,52808,13,HCM2,South,2024-04-04,Approved,239618571,239618571
768,768,768,63871,38,HN1,Central,2024-03-28,Approved,116921099,116921099
771,771,771,25254,22,CT1,South,2024-10-18,Approved,316250466,316250466
774,774,774,49764,14,HCM2,Central,2024-05-03,Approved,347159918,347159918
776,776,776,47441,35,HCM1,Central,2024-04-28,Approved,88480948,88480948
777,777,777,63682,25,HCM2,Central,2024-10-07,Approved,62428905,62428905
779,779,779,91317,47,HCM2,North,2024-05-10,Approved,31671368,31671368
782,782,782,16949,12,CT1,Central,2024-12-19,Approved,44966680,44966680
783,783,783,65393,24,HCM2,South,2024-03-29,Approved,56926855,56926855
786,786,786,35934,25,DN1,North,2024-05-31,Approved,82059109,82059109
788,788,788,71886,26,HN1,North,2024-11-09,Approved,466982298,466982298
794,794,794,80173,47,CT1,North,2024-11-19,Approved,104286148,104286148
795,795,795,80390,17,HCM1,North,2024-09-29,Approved,235255558,235255558
796,796,796,62329,40,HCM2,Central,2024-12-29,Approved,354611922,354611922
800,800,800,95392,42,CT1,South,2024-08-05,Approved,327917106,327917106
802,802,802,29963,30,HCM1,Central,2024-06-11,Approved,372501422,372501422
803,803,803,65123,41,HN1,South,2024-06-09,Approved,41265563,41265563
804,804,804,83477,34,DN1,Central,2024-09-11,Approved,268636475,268636475
805,805,805,24388,37,CT1,South,2025-01-06,Approved,55893537,55893537
806,806,806,15569,6,HCM2,South,2024-04-15,Approved,16196541,16196541
809,809,809,22015,32,HCM2,South,2024-04-11,Approved,204083675,204083675
816,816,816,16090,43,HCM2,South,2024-10-17,Approved,299481664,299481664
818,818,818,32415,13,DN1,North,2024-03-05,Approved,151956137,151956137
820,820,820,68243,36,DN1,North,2024-06-12,Approved,289269763,289269763
821,821,821,51240,47,HN1,South,2024-10-11,Approved,208295018,208295018
822,822,822,93807,9,HCM2,South,2024-04-21,Approved,42422012,42422012
828,828,828,33954,25,HCM1,South,2024-10-20,Approved,225786473,225786473
830,830,830,97044,45,HN1,Central,2025-01-02,Approved,236615845,236615845
831,831,831,97505,22,HN1,North,2024-03-01,Approved,374159917,374159917
835,835,835,49749,29,HCM1,South,2024-07-05,Approved,259195216,259195216
836,836,836,26907,41,DN1,Central,2024-04-30,Approved,94404018,94404018
839,839,839,91818,34,HCM1,Central,2024-10-30,Approved,405872323,405872323
840,840,840,33624,28,HCM2,South,2024-07-16,Approved,214692454,214692454
843,843,843,32574,23,HCM1,South,2024-07-02,Approved,117842607,117842607
846,846,846,20478,4,HCM1,South,2024-12-20,Approved,34116439,34116439
847,847,847,65645,26,DN1,North,2024-11-16,Approved,304067455,304067455
852,852,852,89104,20,CT1,Central,2024-05-26,Approved,29864762,29864762
855,855,855,60428,32,DN1,South,2024-10-28,Approved,100246897,100246897
858,858,858,92558,41,HCM1,Central,2024-03-11,Approved,32122937,32122937
859,859,859,10055,17,HCM2,Central,2024-11-09,Approved,446119990,446119990
860,860,860,18717,26,HN1,South,2024-02-28,Approved,41558213,41558213
862,862,862,83686,7,DN1,South,2024-10-17,Approved,126983275,126983275
863,863,863,77661,42,HCM2,North,2024-12-04,Approved,345028695,345028695
864,864,864,54247,26,DN1,North,2024-01-13,Approved,413043296,413043296
866,866,866,14621,10,HN1,North,2024-12-03,Approved,166424994,166424994
867,867,867,25034,45,HCM2,South,2024-10-27,Approved,336773479,336773479
873,873,873,65658,4,HN1,South,2024-11-29,Approved,393512012,393512012
876,876,876,98869,28,HCM1,Central,2024-09-03,Approved,41635856,41635856
880,880,880,83688,49,DN1,Central,2024-07-11,Approved,181672824,181672824
881,881,881,48518,47,DN1,South,2024-11-17,Approved,254295522,254295522
882,882,882,20267,38,CT1,Central,2024-04-17,Approved,188950422,188950422
884,884,884,60448,47,HCM2,Central,2024-10-16,Approved,137899686,137899686
888,888,888,14632,26,HCM2,North,2024-02-20,Approved,195493565,195493565
893,893,893,92152,11,HCM2,North,2024-09-06,Approved,394322320,394322320
896,896,896,36069,27,DN1,Central,2024-10-25,Approved,138011553,138011553
897,897,897,89905,34,HCM2,South,2024-08-03,Approved,292996832,292996832
899,899,899,83479,32,HCM2,North,2024-10-11,Approved,297128457,297128457
900,900,900,87735,21,CT1,North,2024-02-28,Approved,116236129,116236129
903,903,903,82274,6,DN1,North,2024-05-02,Approved,275360888,275360888
906,906,906,72981,18,HN1,North,2024-07-17,Approved,205942895,205942895
907,907,907,94659,14,HN1,Central,2024-11-23,Approved,28308338,28308338
910,910,910,44529,13,HCM1,North,2024-10-07,Approved,212525110,212525110
915,915,915,38024,6,HCM1,North,2024-01-30,Approved,81868172,81868172
920,920,920,82303,43,CT1,Central,2024-07-18,Approved,420987902,420987902
923,923,923,66138,17,CT1,South,2024-07-06,Approved,245492477,245492477
929,929,929,34818,28,HN1,Central,2024-06-17,Approved,119779175,119779175
930,930,930,14324,44,DN1,North,2024-11-02,Approved,60607742,60607742
932,932,932,19111,41,HCM1,North,2024-03-20,Approved,263836681,263836681
933,933,933,48110,16,HN1,North,2024-01-25,Approved,142369216,142369216
934,934,934,26389,4,DN1,South,2024-12-01,Approved,23397229,23397229
936,936,936,89579,48,HN1,South,2024-06-04,Approved,378441782,378441782
938,938,938,97886,12,HN1,Central,2024-01-16,Approved,222318515,222318515
939,939,939,10117,11,HN1,South,2024-05-13,Approved,294283875,294283875
942,942,942,63441,18,HCM2,Central,2024-11-28,Approved,449277033,449277033
943,943,943,10846,19,HCM2,Central,2024-06-04,Approved,310428141,310428141
946,946,946,56514,18,HCM2,Central,2024-12-14,Approved,325541156,325541156
948,948,948,16469,6,HCM1,North,2024-09-03,Approved,315271003,315271003
957,957,957,88477,2,CT1,South,2024-02-15,Approved,216061392,216061392
959,959,959,11828,8,HCM2,South,2024-10-13,Approved,58108045,58108045
960,960,960,11917,13,DN1,Central,2024-04-09,Approved,369791715,369791715
962,962,962,42254,8,HN1,North,2024-04-25,Approved,231323272,231323272
963,963,963,57362,30,CT1,South,2024-03-03,Approved,103162260,103162260
964,964,964,30128,32,HCM1,Central,2024-07-12,Approved,187842699,187842699
968,968,968,97958,1,HCM1,Central,2024-11-16,Approved,104455663,104455663
969,969,969,19865,43,DN1,North,2024-05-11,Approved,311372913,311372913
970,970,970,12219,39,HCM1,Central,2024-02-28,Approved,223340628,223340628
972,972,972,15287,20,HCM2,Central,2024-12-10,Approved,235815447,235815447
977,977,977,29216,44,DN1,Central,2024-12-06,Approved,118177690,118177690
980,980,980,46258,10,HCM1,Central,2024-03-23,Approved,136573670,136573670
981,981,981,52078,36,CT1,Central,2024-03-14,Approved,148368900,148368900
982,982,982,93524,37,DN1,North,2024-12-13,Approved,90900267,90900267
984,984,984,10235,28,CT1,Central,2024-04-12,Approved,332538818,332538818
985,985,985,52929,42,CT1,South,2024-06-25,Approved,258908876,258908876
987,987,987,18567,21,DN1,South,2024-06-08,Approved,318827024,318827024
990,990,990,94555,40,CT1,Central,2024-11-18,Approved,33458035,33458035
991,991,991,83698,2,HCM2,South,2024-02-08,Approved,493883515,493883515
993,993,993,46159,48,HCM1,North,2024-03-26,Approved,388229432,388229432
994,994,994,53925,27,CT1,South,2024-02-19,Approved,186041577,186041577
995,995,995,15951,22,HCM1,North,2024-04-18,Approved,351410956,351410956
997,997,997,18007,27,DN1,Central,2024-03-09,Approved,120398607,120398607
999,999,999,68596,3,HCM2,North,2024-07-05,Approved,288483463,288483463
1006,1006,1006,10077,27,HCM2,Central,2024-08-18,Approved,350662654,350662654
1008,1008,1008,26984,1,HN1,Central,2024-08-18,Approved,136611473,136611473
1015,1015,1015,39287,20,HCM2,South,2024-06-27,Approved,115878889,115878889
1016,1016,1016,49711,20,HN1,Central,2024-11-06,Approved,402913372,402913372
1019,1019,1019,82101,35,HCM2,South,2024-07-27,Approved,276571716,276571716
1023,1023,1023,19184,26,HCM1,South,2024-03-03,Approved,366322412,366322412
1024,1024,1024,29096,14,HCM2,South,2024-06-08,Approved,207820965,207820965
1027,1027,1027,21246,45,HCM1,North,2024-11-17,Approved,260604485,260604485
1029,1029,1029,28381,20,DN1,North,2024-05-16,Approved,283326520,283326520
1030,1030,1030,46455,27,DN1,South,2024-05-13,Approved,264159264,264159264
1032,1032,1032,21302,4,HN1,Central,2024-05-01,Approved,340993631,340993631
1033,1033,1033,77506,1,DN1,Central,2024-07-23,Approved,295540746,295540746
1039,1039,1039,66819,10,DN1,North,2024-07-30,Approved,82934587,82934587
1043,1043,1043,69379,5,HCM2,South,2024-06-27,Approved,439270345,439270345
1047,1047,1047,61356,34,DN1,South,2024-12-16,Approved,405841452,405841452
1049,1049,1049,76656,41,HN1,North,2024-05-06,Approved,356447189,356447189
1050,1050,1050,54028,29,HN1,South,2024-04-13,Approved,133879462,133879462
1054,1054,1054,12336,21,CT1,South,2024-11-17,Approved,73387833,73387833
1055,1055,1055,77779,35,HN1,South,2024-05-13,Approved,121620720,121620720
1059,1059,1059,53872,45,HCM1,South,2024-11-21,Approved,230230829,230230829
1061,1061,1061,65180,47,HN1,Central,2024-10-08,Approved,22171271,22171271
1063,1063,1063,39486,26,DN1,South,2024-11-05,Approved,454001048,454001048
1065,1065,1065,81895,5,HCM2,North,2024-06-22,Approved,181025704,181025704
1073,1073,1073,30609,45,HCM1,Central,2024-10-08,Approved,255717780,255717780
1075,1075,1075,49666,8,HCM1,South,2024-08-02,Approved,19523070,19523070
1076,1076,1076,85683,41,DN1,Central,2024-04-19,Approved,188804101,188804101
1077,1077,1077,81315,48,DN1,Central,2024-02-22,Approved,71469001,71469001
1082,1082,1082,65318,28,CT1,Central,2024-06-13,Approved,282353486,282353486
1083,1083,1083,10814,46,CT1,Central,2024-08-11,Approved,363752879,363752879
1084,1084,1084,86077,27,DN1,North,2024-05-17,Approved,326513759,326513759
1086,1086,1086,85993,15,CT1,South,2024-02-25,Approved,78288936,78288936
1088,1088,1088,83319,37,DN1,South,2024-04-23,Approved,37272305,37272305
1093,1093,1093,95451,27,DN1,South,2024-09-30,Approved,157634015,157634015
1097,1097,1097,74644,29,DN1,North,2024-01-27,Approved,364371199,364371199
1100,1100,1100,10126,42,DN1,South,2024-06-11,Approved,436453930,436453930
1101,1101,1101,62329,4,HN1,South,2024-06-28,Approved,46950699,46950699
1103,1103,1103,75310,34,HCM1,North,2024-12-07,Approved,80147329,80147329
1106,1106,1106,54327,23,DN1,Central,2024-10-26,Approved,120472332,120472332
1107,1107,1107,78904,45,CT1,North,2024-10-03,Approved,172312427,172312427
1111,1111,1111,44560,6,HN1,South,2024-07-03,Approved,229892363,229892363
1113,1113,1113,32116,10,DN1,Central,2024-05-16,Approved,85523619,85523619
1114,1114,1114,46244,40,HCM1,Central,2024-12-31,Approved,126137333,126137333
1115,1115,1115,11645,7,HCM2,North,2024-02-26,Approved,70463381,70463381
1117,1117,1117,29256,38,HCM2,North,2024-06-11,Approved,160193490,160193490
1120,1120,1120,49282,3,HCM1,North,2024-11-10,Approved,189523295,189523295
1122,1122,1122,78244,47,HN1,South,2024-05-02,Approved,98349885,98349885
1126,1126,1126,67545,38,HN1,North,2024-12-23,Approved,361298637,361298637
1127,1127,1127,49224,36,HCM2,South,2024-07-15,Approved,162128104,162128104
1128,1128,1128,23224,47,HN1,Central,2024-11-07,Approved,347531085,347531085
1131,1131,1131,73731,13,HCM1,North,2024-02-25,Approved,315246632,315246632
1134,1134,1134,18577,37,HN1,North,2024-05-01,Approved,245640097,245640097
1136,1136,1136,18666,48,HCM1,South,2024-07-25,Approved,207049379,207049379
1137,1137,1137,67761,27,HCM1,North,2024-06-08,Approved,231917966,231917966
1141,1141,1141,80507,36,HCM1,Central,2024-12-04,Approved,415571987,415571987
1142,1142,1142,89026,39,DN1,North,2024-03-19,Approved,34847174,34847174
1145,1145,1145,55765,21,CT1,Central,2024-10-31,Approved,268134786,268134786
1146,1146,1146,29956,21,HN1,South,2024-06-07,Approved,307386352,307386352
1150,1150,1150,14757,31,CT1,Central,2024-06-17,Approved,194880160,194880160
1151,1151,1151,29097,42,HN1,Central,2024-02-04,Approved,250889124,250889124
1153,1153,1153,26241,32,HN1,Central,2024-10-29,Approved,141484749,141484749
1157,1157,1157,29816,11,HN1,North,2024-09-14,Approved,370751228,370751228
1159,1159,1159,62853,10,HN1,South,2024-04-24,Approved,315689418,315689418
1165,1165,1165,85520,25,CT1,Central,2024-09-28,Approved,92350165,92350165
1172,1172,1172,12079,36,CT1,North,2024-10-31,Approved,268035301,268035301
1173,1173,1173,12717,17,CT1,South,2024-03-10,Approved,55420887,55420887
1179,1179,1179,99106,32,HN1,Central,2024-12-10,Approved,384397187,384397187
1184,1184,1184,58302,23,CT1,North,2024-10-09,Approved,119057572,119057572
1187,1187,1187,48000,34,HCM1,Central,2024-07-06,Approved,37081270,37081270
1190,1190,1190,48565,9,CT1,North,2024-11-19,Approved,152731429,152731429
1192,1192,1192,75155,6,DN1,South,2024-03-24,Approved,101497135,101497135
1194,1194,1194,62487,20,DN1,North,2024-12-05,Approved,348729333,348729333
1197,1197,1197,58770,49,HN1,North,2024-08-27,Approved,246466158,246466158
1198,1198,1198,88623,12,HN1,North,2024-05-17,Approved,53476608,53476608
1199,1199,1199,85629,48,HN1,North,2024-07-13,Approved,199993087,199993087
1200,1200,1200,62603,47,DN1,Central,2024-12-28,Approved,142388706,142388706
1206,1206,1206,65106,15,HCM1,Central,2024-09-04,Approved,32589766,32589766
1210,1210,1210,84055,4,HCM2,Central,2024-02-25,Approved,242119525,242119525
1211,1211,1211,66373,18,CT1,South,2024-01-28,Approved,51616773,51616773
1212,1212,1212,41480,49,DN1,Central,2024-09-25,Approved,284995554,284995554
1214,1214,1214,78836,43,DN1,North,2024-06-07,Approved,267873464,267873464
1216,1216,1216,49986,40,HCM1,North,2024-04-23,Approved,60035361,60035361
1217,1217,1217,34160,14,HCM1,Central,2024-12-23,Approved,126933575,126933575
1220,1220,1220,74929,34,CT1,North,2024-03-13,Approved,106145086,106145086
1222,1222,1222,44911,24,CT1,North,2024-05-29,Approved,120783136,120783136
1229,1229,1229,64771,19,DN1,Central,2024-09-30,Approved,293480106,293480106
1231,1231,1231,76358,5,HCM2,Central,2024-01-26,Approved,178723878,178723878
1232,1232,1232,27327,27,DN1,Central,2024-06-09,Approved,114771409,114771409
1233,1233,1233,57057,16,HCM1,Central,2024-11-29,Approved,98986104,98986104
1237,1237,1237,12198,48,HCM1,North,2024-04-21,Approved,357445979,357445979
1238,1238,1238,70500,35,DN1,South,2024-02-08,Approved,101402070,101402070
1241,1241,1241,46220,16,CT1,South,2024-01-19,Approved,81928057,81928057
1243,1243,1243,23859,10,HN1,South,2024-05-25,Approved,106674593,106674593
1244,1244,1244,60460,25,DN1,Central,2024-10-29,Approved,353353838,353353838
1245,1245,1245,41419,20,HN1,North,2024-12-30,Approved,110094133,110094133
1248,1248,1248,33236,44,HCM1,South,2024-02-10,Approved,357675425,357675425
1249,1249,1249,97955,23,HCM2,Central,2024-06-26,Approved,324791834,324791834
1252,1252,1252,86918,37,DN1,Central,2024-05-26,Approved,122845884,122845884
1253,1253,1253,24596,8,HN1,Central,2024-08-19,Approved,344915164,344915164
1254,1254,1254,43572,7,HCM2,North,2024-09-18,Approved,415656433,415656433
1255,1255,1255,88757,14,HN1,South,2024-09-25,Approved,57712745,57712745
1258,1258,1258,72516,19,CT1,Central,2024-12-28,Approved,420757481,420757481
1259,1259,1259,17083,18,HCM1,South,2024-04-19,Approved,229367732,229367732
1265,1265,1265,77642,11,HCM1,North,2024-07-23,Approved,385770604,385770604
1266,1266,1266,96143,5,HCM2,South,2024-01-25,Approved,97654140,97654140
1269,1269,1269,38529,17,DN1,South,2024-03-27,Approved,177886898,177886898
1270,1270,1270,45954,6,HCM2,Central,2024-11-28,Approved,130139148,130139148
1271,1271,1271,37856,33,HCM2,South,2024-12-27,Approved,230892375,230892375
1272,1272,1272,12573,5,HCM1,Central,2024-09-21,Approved,260377360,260377360
1277,1277,1277,65029,48,HCM1,North,2024-12-03,Approved,147766200,147766200
1278,1278,1278,27685,41,HCM1,North,2024-01-11,Approved,239526637,239526637
1286,1286,1286,48243,4,CT1,South,2024-08-08,Approved,164137963,164137963
1287,1287,1287,67384,33,HN1,South,2024-04-29,Approved,56915169,56915169
1292,1292,1292,88411,23,HN1,Central,2024-01-15,Approved,290113545,290113545
1294,1294,1294,58756,23,HCM2,South,2024-09-04,Approved,102483444,102483444
1296,1296,1296,26725,29,CT1,North,2024-05-30,Approved,168507299,168507299
1298,1298,1298,61226,29,HCM2,North,2024-11-03,Approved,98220240,98220240
1301,1301,1301,39402,10,CT1,South,2024-08-09,Approved,100758399,100758399
1302,1302,1302,14263,41,HCM2,South,2024-12-15,Approved,17557575,17557575
1303,1303,1303,56828,8,DN1,Central,2024-05-20,Approved,153663156,153663156
1305,1305,1305,84182,29,HCM2,North,2024-10-21,Approved,40793510,40793510
1308,1308,1308,45737,2,CT1,North,2024-02-14,Approved,98624097,98624097
1309,1309,1309,99563,6,HCM1,South,2024-03-30,Approved,76751177,76751177
1310,1310,1310,39373,5,CT1,Central,2024-02-19,Approved,303345363,303345363
1312,1312,1312,96145,41,HCM2,South,2024-05-31,Approved,81889691,81889691
1315,1315,1315,29250,26,HCM1,North,2024-10-29,Approved,62970648,62970648
1320,1320,1320,63276,49,HCM2,South,2024-09-13,Approved,141784948,141784948
1322,1322,1322,63002,7,HCM2,North,2024-12-14,Approved,227735343,227735343
1324,1324,1324,82355,10,HCM1,North,2024-02-16,Approved,127071071,127071071
1328,1328,1328,63302,16,HCM2,Central,2024-11-10,Approved,236660424,236660424
1329,1329,1329,33150,2,DN1,Central,2024-09-04,Approved,278700009,278700009
1332,1332,1332,99399,38,HCM2,Central,2024-10-26,Approved,270197416,270197416
1335,1335,1335,84478,43,HCM1,Central,2024-04-22,Approved,228925585,228925585
1337,1337,1337,41987,27,DN1,North,2024-02-09,Approved,271108226,271108226
1339,1339,1339,22112,47,HCM2,Central,2024-10-17,Approved,137998491,137998491
1342,1342,1342,48890,27,HCM2,Central,2024-10-13,Approved,304572554,304572554
1344,1344,1344,57304,20,HCM1,Central,2024-03-05,Approved,286885518,286885518
1346,1346,1346,11524,19,HCM2,South,2024-08-24,Approved,381994464,381994464
1347,1347,1347,25048,20,HCM2,North,2024-12-10,Approved,121775638,121775638
1349,1349,1349,47904,47,HCM1,South,2024-03-07,Approved,300515543,300515543
1351,1351,1351,44008,30,HN1,South,2024-10-19,Approved,236834967,236834967
1356,1356,1356,23350,15,CT1,Central,2024-08-18,Approved,380867381,380867381
1362,1362,1362,85186,48,HCM1,Central,2024-09-17,Approved,69671456,69671456
1364,1364,1364,30581,41,HCM1,Central,2024-03-18,Approved,20054393,20054393
1365,1365,1365,98929,36,DN1,South,2024-02-08,Approved,345251305,345251305
1367,1367,1367,61474,29,DN1,Central,2024-11-08,Approved,379682894,379682894
1368,1368,1368,79626,4,CT1,North,2024-12-12,Approved,179783268,179783268
1369,1369,1369,16960,1,DN1,North,2024-06-29,Approved,172413166,172413166
1370,1370,1370,45772,19,HCM1,South,2024-05-27,Approved,153138308,153138308
1372,1372,1372,59481,25,DN1,South,2024-07-10,Approved,198822553,198822553
1375,1375,1375,30491,22,HN1,North,2024-06-16,Approved,74487780,74487780
1377,1377,1377,54623,21,CT1,Central,2024-10-28,Approved,217967093,217967093
1378,1378,1378,10338,22,DN1,Central,2024-04-07,Approved,128972279,128972279
1381,1381,1381,61860,30,DN1,North,2024-07-30,Approved,437656387,437656387
1389,1389,1389,65761,7,HN1,Central,2024-11-19,Approved,319052978,319052978
1390,1390,1390,72552,49,CT1,South,2024-05-24,Approved,401798660,401798660
1393,1393,1393,47641,19,DN1,South,2024-11-07,Approved,125382453,125382453
1397,1397,1397,97833,9,CT1,Central,2024-01-10,Approved,65696897,65696897
1401,1401,1401,54813,32,DN1,South,2024-10-20,Approved,196189929,196189929
1403,1403,1403,18820,6,HCM2,South,2024-04-07,Approved,357741772,357741772
1405,1405,1405,79768,38,HCM1,Central,2024-07-06,Approved,337775556,337775556
1407,1407,1407,90559,10,HCM1,Central,2024-09-18,Approved,76635318,76635318
1410,1410,1410,51786,21,HN1,South,2024-06-05,Approved,335882059,335882059
1411,1411,1411,16737,25,HN1,North,2024-03-30,Approved,141487834,141487834
1412,1412,1412,46062,28,HCM1,North,2024-03-21,Approved,194106507,194106507
1415,1415,1415,35510,4,HCM2,South,2024-10-11,Approved,87284257,87284257
1416,1416,1416,29426,29,DN1,Central,2024-04-02,Approved,45880075,45880075
1417,1417,1417,47265,9,HN1,South,2024-07-23,Approved,112007410,112007410
1418,1418,1418,27850,27,HCM2,South,2024-01-20,Approved,429961590,429961590
1419,1419,1419,76150,26,HCM1,South,2024-06-01,Approved,105133900,105133900
1421,1421,1421,99613,28,CT1,North,2024-07-11,Approved,225326265,225326265
1424,1424,1424,45435,41,DN1,North,2024-09-29,Approved,319525717,319525717
1425,1425,1425,67132,42,DN1,South,2024-01-10,Approved,156736390,156736390
1426,1426,1426,88945,20,DN1,South,2024-12-02,Approved,283083226,283083226
1433,1433,1433,66846,32,HN1,South,2024-05-28,Approved,119122992,119122992
1435,1435,1435,54547,33,HN1,South,2024-09-09,Approved,328251445,328251445
1437,1437,1437,25317,5,HCM2,Central,2024-09-20,Approved,79082156,79082156
1438,1438,1438,17564,43,CT1,North,2024-02-17,Approved,160011988,160011988
1439,1439,1439,37345,48,HCM1,Central,2024-12-28,Approved,366806540,366806540
1441,1441,1441,84859,40,DN1,South,2024-05-23,Approved,375256016,375256016
1444,1444,1444,62393,33,HCM2,North,2024-12-08,Approved,338279117,338279117
1446,1446,1446,39430,16,CT1,North,2024-03-10,Approved,302742166,302742166
1450,1450,1450,23919,10,CT1,Central,2024-06-02,Approved,233265266,233265266
1452,1452,1452,49974,38,HN1,Central,2024-12-13,Approved,362366560,362366560
1453,1453,1453,26371,19,CT1,South,2024-09-02,Approved,465838285,465838285
1459,1459,1459,72187,38,CT1,South,2024-07-16,Approved,197482122,197482122
1461,1461,1461,43039,27,HN1,South,2024-03-17,Approved,85512650,85512650
1463,1463,1463,93691,8,HN1,South,2024-12-08,Approved,350203119,350203119
1464,1464,1464,68606,46,HN1,North,2024-06-12,Approved,206256866,206256866
1465,1465,1465,20616,42,HCM1,Central,2024-11-06,Approved,77340280,77340280
1468,1468,1468,13430,6,HCM2,South,2024-04-06,Approved,366618692,366618692
1472,1472,1472,95680,49,HCM1,North,2024-08-10,Approved,189215619,189215619
1473,1473,1473,12050,28,HCM2,North,2024-01-10,Approved,310294726,310294726
1474,1474,1474,43933,33,HCM2,South,2024-01-14,Approved,262799153,262799153
1477,1477,1477,44801,18,CT1,North,2024-07-08,Approved,355429153,355429153
1479,1479,1479,42913,2,CT1,Central,2024-11-08,Approved,346010346,346010346
1480,1480,1480,50600,43,HCM1,Central,2024-04-13,Approved,60791608,60791608
1482,1482,1482,45400,40,CT1,Central,2025-01-04,Approved,222712343,222712343
1484,1484,1484,90688,43,HCM1,North,2024-12-02,Approved,94307354,94307354
1489,1489,1489,55028,34,HCM2,North,2024-03-23,Approved,162850847,162850847
1493,1493,1493,39757,4,HN1,Central,2024-07-05,Approved,190260843,190260843
1495,1495,1495,90097,7,HCM1,North,2024-03-14,Approved,180617416,180617416
1501,1501,1501,66979,1,HN1,Central,2024-11-11,Approved,76753240,76753240
1502,1502,1502,91470,3,HCM1,North,2024-03-17,Approved,245481081,245481081
1504,1504,1504,51844,38,CT1,North,2024-05-26,Approved,392441133,392441133
1508,1508,1508,50042,21,HN1,Central,2024-03-28,Approved,300922211,300922211
1509,1509,1509,71665,48,HCM2,North,2024-07-05,Approved,334989190,334989190
1514,1514,1514,91412,28,HCM2,Central,2024-12-05,Approved,66382117,66382117
1521,1521,1521,72483,19,CT1,North,2024-03-08,Approved,132866557,132866557
1522,1522,1522,28297,35,HN1,North,2024-11-10,Approved,155134071,155134071
1523,1523,1523,40448,4,HN1,Central,2024-06-03,Approved,46968946,46968946
1526,1526,1526,17657,4,CT1,North,2024-08-16,Approved,149352596,149352596
1528,1528,1528,35425,27,HCM1,Central,2024-09-24,Approved,273039770,273039770
1531,1531,1531,38831,25,HCM1,North,2024-08-03,Approved,360917831,360917831
1533,1533,1533,71413,24,DN1,Central,2024-06-25,Approved,202723398,202723398
1534,1534,1534,64028,25,HCM1,Central,2024-12-10,Approved,315704796,315704796
1537,1537,1537,85758,32,CT1,Central,2024-03-12,Approved,288622275,288622275
1540,1540,1540,44701,36,HCM1,South,2024-01-07,Approved,339308612,339308612
1546,1546,1546,75160,16,HCM1,Central,2024-12-13,Approved,329495523,329495523
1551,1551,1551,56542,6,DN1,South,2024-04-06,Approved,436900187,436900187
1559,1559,1559,79669,23,DN1,South,2024-08-09,Approved,163036762,163036762
1561,1561,1561,31754,12,CT1,North,2024-08-22,Approved,17959506,17959506
1562,1562,1562,13972,23,CT1,Central,2024-09-09,Approved,247281673,247281673
1563,1563,1563,80831,16,CT1,North,2024-08-28,Approved,113329873,113329873
1569,1569,1569,96988,47,CT1,Central,2024-08-12,Approved,286054498,286054498
1570,1570,1570,55648,37,HCM1,Central,2024-07-01,Approved,308126510,308126510
1572,1572,1572,12396,13,HN1,North,2024-07-09,Approved,294441459,294441459
1577,1577,1577,40561,23,DN1,South,2024-05-01,Approved,317248616,317248616
1580,1580,1580,17314,40,HCM1,North,2024-11-08,Approved,185435104,185435104
1581,1581,1581,29623,21,DN1,North,2024-03-25,Approved,441537972,441537972
1583,1583,1583,75082,37,HCM1,North,2024-11-09,Approved,249036849,249036849
1584,1584,1584,93624,6,HCM2,South,2024-07-19,Approved,285820754,285820754
1588,1588,1588,96206,22,HN1,Central,2024-12-16,Approved,142291414,142291414
1589,1589,1589,79274,33,CT1,South,2024-09-11,Approved,30287078,30287078
1590,1590,1590,12469,30,DN1,Central,2024-03-27,Approved,178320043,178320043
1595,1595,1595,59708,14,DN1,South,2024-06-14,Approved,278275001,278275001
1607,1607,1607,28787,19,DN1,Central,2024-01-10,Approved,66708311,66708311
1609,1609,1609,67932,28,CT1,Central,2024-05-05,Approved,273860568,273860568
1614,1614,1614,85418,47,DN1,Central,2024-03-04,Approved,44586078,44586078
1616,1616,1616,44832,33,HN1,Central,2024-02-14,Approved,193133359,193133359
1617,1617,1617,41966,19,DN1,Central,2024-10-31,Approved,111845544,111845544
1618,1618,1618,82545,3,DN1,South,2024-08-25,Approved,233712670,233712670
1619,1619,1619,22987,10,DN1,North,2024-01-19,Approved,268821134,268821134
1620,1620,1620,47311,40,HCM1,North,2024-12-29,Approved,63957827,63957827
1622,1622,1622,73852,42,HCM1,Central,2024-07-01,Approved,353060639,353060639
1626,1626,1626,57517,13,CT1,North,2024-03-20,Approved,296102453,296102453
1627,1627,1627,39257,1,CT1,North,2024-03-27,Approved,213932178,213932178
1629,1629,1629,52207,29,DN1,North,2024-08-05,Approved,325726428,325726428
1635,1635,1635,92197,29,HN1,Central,2024-07-11,Approved,343295552,343295552
1636,1636,1636,23507,39,CT1,South,2024-03-05,Approved,36123303,36123303
1639,1639,1639,55539,17,HCM1,South,2024-06-19,Approved,217516072,217516072
1643,1643,1643,73888,26,DN1,Central,2024-11-09,Approved,29707796,29707796
1644,1644,1644,83609,49,DN1,Central,2024-06-14,Approved,442682301,442682301
1647,1647,1647,86919,49,HCM2,Central,2024-04-13,Approved,341063467,341063467
1649,1649,1649,33821,1,CT1,North,2024-02-17,Approved,251798750,251798750
1654,1654,1654,97266,3,CT1,South,2024-09-25,Approved,227951779,227951779
1656,1656,1656,37083,29,HCM2,South,2024-03-16,Approved,285795049,285795049
1660,1660,1660,17813,16,HN1,Central,2024-05-13,Approved,249461691,249461691
1664,1664,1664,54569,1,CT1,Central,2024-07-05,Approved,96541494,96541494
1668,1668,1668,24288,41,HCM1,North,2024-05-01,Approved,334350145,334350145
1670,1670,1670,16540,41,DN1,South,2024-01-21,Approved,300215506,300215506
1671,1671,1671,91958,7,DN1,South,2024-07-21,Approved,271518474,271518474
1674,1674,1674,85932,19,HN1,South,2024-01-24,Approved,349355116,349355116
1676,1676,1676,33411,2,HCM2,North,2024-07-15,Approved,286050308,286050308
1680,1680,1680,62307,3,DN1,North,2024-08-22,Approved,206835032,206835032
1681,1681,1681,13093,11,HCM2,Central,2024-02-13,Approved,300027776,300027776
1685,1685,1685,54413,18,DN1,South,2024-09-01,Approved,413968264,413968264
1686,1686,1686,43756,48,DN1,South,2024-03-03,Approved,282854214,282854214
1690,1690,1690,38602,22,HCM1,South,2024-07-11,Approved,203601266,203601266
1692,1692,1692,58901,12,HN1,South,2024-03-29,Approved,250549110,250549110
1694,1694,1694,42196,40,HCM2,Central,2024-12-06,Approved,298080661,298080661
1696,1696,1696,17424,15,HCM1,North,2024-10-10,Approved,402950316,402950316
1698,1698,1698,29982,49,HCM2,South,2024-04-29,Approved,91844835,91844835
1699,1699,1699,86961,45,DN1,North,2024-07-17,Approved,261411998,261411998
1700,1700,1700,11980,18,HCM2,Central,2024-02-12,Approved,35322378,35322378
1701,1701,1701,58290,2,HCM1,North,2024-02-18,Approved,172989420,172989420
1704,1704,1704,92711,15,HCM1,South,2024-12-03,Approved,344546884,344546884
1708,1708,1708,28639,29,HN1,North,2024-03-10,Approved,229384594,229384594
1713,1713,1713,46444,40,DN1,Central,2024-11-24,Approved,361181855,361181855
1714,1714,1714,78916,4,CT1,North,2024-09-06,Approved,261316356,261316356
1715,1715,1715,18711,11,DN1,Central,2024-09-15,Approved,231802503,231802503
1717,1717,1717,92970,43,DN1,Central,2024-02-14,Approved,272498425,272498425
1718,1718,1718,95553,32,HCM2,North,2024-02-12,Approved,99545074,99545074
1720,1720,1720,49110,30,CT1,Central,2024-06-08,Approved,344959283,344959283
1726,1726,1726,63625,31,CT1,Central,2024-11-04,Approved,166138398,166138398
1733,1733,1733,38541,9,HCM1,South,2024-09-26,Approved,82884894,82884894
1734,1734,1734,89083,37,HN1,Central,2024-08-05,Approved,265194120,265194120
1742,1742,1742,64615,19,DN1,North,2024-05-13,Approved,61456948,61456948
1745,1745,1745,95708,7,HN1,Central,2024-09-14,Approved,276844400,276844400
1747,1747,1747,36589,9,HCM1,Central,2024-09-29,Approved,159989503,159989503
1748,1748,1748,40015,28,HCM1,South,2024-07-10,Approved,435274926,435274926
1752,1752,1752,36143,16,HCM2,North,2025-01-02,Approved,281444988,281444988
1754,1754,1754,31804,31,DN1,North,2024-06-01,Approved,175747213,175747213
1756,1756,1756,74288,21,HCM2,Central,2024-08-05,Approved,27255385,27255385
1758,1758,1758,30581,36,HN1,North,2024-05-10,Approved,298309502,298309502
1761,1761,1761,59930,22,DN1,Central,2024-11-12,Approved,311223756,311223756
1763,1763,1763,79298,12,DN1,North,2024-04-16,Approved,365888493,365888493
1765,1765,1765,85304,13,DN1,South,2024-06-01,Approved,57770242,57770242
1766,1766,1766,53408,11,HCM2,South,2024-01-31,Approved,305922768,305922768
1770,1770,1770,84319,40,HCM1,South,2024-03-28,Approved,215305811,215305811
1772,1772,1772,45488,2,CT1,Central,2024-11-07,Approved,154525153,154525153
1773,1773,1773,84441,30,HN1,South,2024-09-16,Approved,343609810,343609810
1775,1775,1775,32431,12,HN1,Central,2024-11-29,Approved,139148132,139148132
1781,1781,1781,55004,17,HCM2,South,2024-02-06,Approved,101883774,101883774
1783,1783,1783,98652,2,HCM2,South,2024-08-08,Approved,383305156,383305156
1784,1784,1784,66985,12,HCM1,North,2024-06-09,Approved,213031903,213031903
1792,1792,1792,78577,3,DN1,North,2024-06-12,Approved,28867527,28867527
1796,1796,1796,72768,1,HCM2,Central,2024-11-07,Approved,131944775,131944775
1797,1797,1797,61047,30,CT1,South,2024-03-14,Approved,210120649,210120649
1798,1798,1798,81626,45,DN1,North,2024-03-31,Approved,213243133,213243133
1803,1803,1803,36015,13,HCM1,South,2024-12-22,Approved,257485914,257485914
1804,1804,1804,43320,27,CT1,Central,2024-05-27,Approved,266096721,266096721
1806,1806,1806,36289,7,DN1,North,2024-05-18,Approved,320019258,320019258
1808,1808,1808,35683,10,HCM2,South,2024-07-02,Approved,115557377,115557377
1813,1813,1813,56163,32,HN1,Central,2024-03-17,Approved,138562748,138562748
1817,1817,1817,91941,20,CT1,North,2024-07-23,Approved,98718906,98718906
1818,1818,1818,84137,37,CT1,South,2024-11-28,Approved,330018639,330018639
1820,1820,1820,66446,12,DN1,Central,2024-11-01,Approved,157443091,157443091
1821,1821,1821,31288,33,HCM1,North,2024-09-09,Approved,321949453,321949453
1828,1828,1828,89148,21,CT1,North,2024-02-14,Approved,49308835,49308835
1829,1829,1829,93186,32,HCM1,South,2024-10-03,Approved,386081402,386081402
1830,1830,1830,36745,35,HCM2,Central,2024-03-19,Approved,119657931,119657931
1833,1833,1833,62579,46,DN1,North,2024-12-27,Approved,19704227,19704227
1834,1834,1834,80316,48,CT1,South,2024-01-05,Approved,112771482,112771482
1836,1836,1836,38380,25,HCM1,North,2024-12-10,Approved,349726430,349726430
1837,1837,1837,12356,46,HCM2,South,2024-03-22,Approved,240474888,240474888
1838,1838,1838,80326,40,CT1,South,2024-02-21,Approved,357524375,357524375
1839,1839,1839,99899,29,CT1,North,2024-03-08,Approved,45460174,45460174
1843,1843,1843,10661,38,HCM1,North,2024-05-30,Approved,162923712,162923712
1844,1844,1844,47412,18,CT1,Central,2024-01-13,Approved,54608186,54608186
1845,1845,1845,12920,2,CT1,Central,2024-10-02,Approved,304579214,304579214
1848,1848,1848,18946,33,HCM1,Central,2024-05-25,Approved,320627440,320627440
1849,1849,1849,55500,38,HN1,North,2024-08-24,Approved,103176443,103176443
1856,1856,1856,84131,27,HCM2,South,2024-08-08,Approved,301987060,301987060
1857,1857,1857,57908,32,HN1,North,2024-07-24,Approved,166046425,166046425
1863,1863,1863,14703,31,CT1,Central,2024-09-17,Approved,329514675,329514675
1865,1865,1865,82099,16,CT1,Central,2024-12-30,Approved,197495623,197495623
1867,1867,1867,41860,49,HCM2,South,2024-06-29,Approved,135370525,135370525
1871,1871,1871,53585,11,HCM1,North,2024-04-26,Approved,222606020,222606020
1872,1872,1872,36958,30,HN1,Central,2024-10-29,Approved,378377112,378377112
1875,1875,1875,55350,22,HCM2,South,2024-12-02,Approved,226994325,226994325
1876,1876,1876,22201,38,HCM2,North,2024-05-27,Approved,358483146,358483146
1878,1878,1878,27778,14,DN1,South,2024-09-23,Approved,213203016,213203016
1881,1881,1881,96652,32,HCM2,Central,2024-09-05,Approved,203804263,203804263
1882,1882,1882,58364,36,CT1,South,2024-12-23,Approved,95135592,95135592
1886,1886,1886,29975,35,HN1,South,2024-03-20,Approved,117662363,117662363
1888,1888,1888,33279,16,CT1,South,2024-03-11,Approved,356227680,356227680
1891,1891,1891,76061,10,HCM2,South,2024-06-28,Approved,254604491,254604491
1894,1894,1894,43142,4,HCM1,North,2024-11-21,Approved,175430920,175430920
1895,1895,1895,36916,29,HCM2,North,2024-08-20,Approved,364698319,364698319
1897,1897,1897,54965,43,HN1,South,2024-03-14,Approved,304350762,304350762
1904,1904,1904,79350,19,HCM2,Central,2024-07-01,Approved,205839944,205839944
1911,1911,1911,96475,5,HN1,North,2024-12-05,Approved,407146361,407146361
1914,1914,1914,62233,12,HN1,Central,2024-02-07,Approved,28173474,28173474
1915,1915,1915,54738,4,CT1,North,2024-09-23,Approved,175949456,175949456
1918,1918,1918,86367,20,HCM2,North,2024-01-18,Approved,207674260,207674260
1927,1927,1927,92495,18,HCM2,North,2024-02-08,Approved,331980226,331980226
1931,1931,1931,65204,44,HN1,North,2024-03-07,Approved,128606894,128606894
1932,1932,1932,61886,5,CT1,South,2024-03-13,Approved,299568848,299568848
1934,1934,1934,25563,41,CT1,South,2024-01-24,Approved,258023571,258023571
1940,1940,1940,28309,1,HCM2,Central,2024-11-25,Approved,330852632,330852632
1942,1942,1942,93194,4,CT1,North,2024-08-27,Approved,488440369,488440369
1946,1946,1946,91537,12,HCM2,Central,2024-08-08,Approved,256120775,256120775
1948,1948,1948,57614,22,HN1,Central,2024-04-01,Approved,404454831,404454831
1957,1957,1957,39856,43,CT1,North,2024-10-09,Approved,342596805,342596805
1959,1959,1959,74178,12,CT1,North,2024-09-01,Approved,200063325,200063325
1960,1960,1960,43997,40,CT1,Central,2024-05-20,Approved,448402480,448402480
1964,1964,1964,11239,3,DN1,Central,2024-09-02,Approved,100982142,100982142
1967,1967,1967,99393,30,HCM1,North,2024-03-28,Approved,139127493,139127493
1969,1969,1969,25398,13,HCM1,Central,2024-05-11,Approved,398130734,398130734
1972,1972,1972,16570,49,DN1,North,2024-03-30,Approved,283284343,283284343
1973,1973,1973,78785,38,HCM1,North,2024-03-29,Approved,184986127,184986127
1977,1977,1977,49062,11,CT1,Central,2024-12-29,Approved,252269010,252269010
1979,1979,1979,42556,44,HCM2,South,2024-04-11,Approved,390162045,390162045
1982,1982,1982,53753,22,DN1,Central,2024-12-21,Approved,332665596,332665596
1985,1985,1985,20225,29,CT1,North,2024-11-24,Approved,143080381,143080381
1989,1989,1989,58320,17,CT1,South,2024-11-04,Approved,102110234,102110234
1991,1991,1991,25577,16,HN1,Central,2024-10-11,Approved,111106278,111106278
1992,1992,1992,98009,46,DN1,Central,2024-07-16,Approved,42506471,42506471
1994,1994,1994,38625,7,HN1,Central,2024-12-16,Approved,295450190,295450190
1995,1995,1995,91040,16,HCM2,South,2024-11-11,Approved,240020284,240020284
1997,1997,1997,46487,47,HN1,Central,2024-01-11,Approved,277213853,277213853
1999,1999,1999,60138,27,DN1,North,2024-02-25,Approved,166755989,166755989
2001,2001,2001,47208,24,DN1,Central,2024-02-08,Approved,303352152,303352152
2002,2002,2002,64061,9,HN1,North,2024-08-22,Approved,68579153,68579153
2008,2008,2008,52287,47,HCM2,North,2024-05-31,Approved,275050715,275050715
2010,2010,2010,36984,8,CT1,Central,2024-12-20,Approved,227869260,227869260
2012,2012,2012,46059,31,HN1,Central,2024-05-09,Approved,218974383,218974383
2013,2013,2013,79569,30,DN1,North,2024-06-29,Approved,355881602,355881602
2017,2017,2017,83384,12,HCM2,Central,2024-03-12,Approved,323307398,323307398
2018,2018,2018,97128,49,HCM2,South,2024-02-06,Approved,372965429,372965429
2020,2020,2020,37208,42,HCM1,Central,2024-04-14,Approved,244064083,244064083
2025,2025,2025,39165,11,DN1,North,2024-08-17,Approved,189901436,189901436
2026,2026,2026,77203,34,DN1,Central,2024-04-12,Approved,276897249,276897249
2028,2028,2028,74965,44,CT1,Central,2024-03-08,Approved,42284749,42284749
2029,2029,2029,46321,34,HCM1,Central,2024-04-04,Approved,101846703,101846703
2033,2033,2033,13712,10,CT1,Central,2024-05-05,Approved,336022023,336022023
2034,2034,2034,11367,32,HN1,South,2024-07-12,Approved,304257348,304257348
2035,2035,2035,61924,15,HN1,Central,2024-04-16,Approved,161443116,161443116
2039,2039,2039,19108,37,HCM2,North,2024-10-10,Approved,102563070,102563070
2040,2040,2040,87714,40,HN1,North,2024-02-14,Approved,56188396,56188396
2041,2041,2041,45643,8,DN1,South,2024-03-30,Approved,232705809,232705809
2043,2043,2043,93360,44,HCM2,South,2024-02-29,Approved,308557338,308557338
2053,2053,2053,16471,28,HCM1,Central,2024-04-24,Approved,245822118,245822118
2057,2057,2057,11177,32,HCM1,North,2024-02-25,Approved,389995091,389995091
2060,2060,2060,31636,26,DN1,South,2024-08-09,Approved,350213194,350213194
2062,2062,2062,63551,4,DN1,South,2024-12-20,Approved,137152702,137152702
2065,2065,2065,21563,38,CT1,Central,2024-08-25,Approved,120723681,120723681
2069,2069,2069,91709,2,HCM2,South,2024-09-16,Approved,172941689,172941689
2071,2071,2071,36987,11,CT1,South,2024-05-04,Approved,398626844,398626844
2072,2072,2072,88714,28,HCM2,South,2024-05-28,Approved,327764158,327764158
2075,2075,2075,43174,5,HN1,North,2024-09-23,Approved,308605821,308605821
2076,2076,2076,74106,38,HCM2,South,2024-02-20,Approved,292491996,292491996
2080,2080,2080,49310,24,HN1,North,2024-11-14,Approved,296167598,296167598
2084,2084,2084,55379,23,HN1,Central,2024-06-08,Approved,405013151,405013151
2085,2085,2085,88612,17,HCM2,North,2024-06-20,Approved,96335951,96335951
2088,2088,2088,56413,31,DN1,North,2024-11-17,Approved,142998419,142998419
2090,2090,2090,60115,42,HCM1,North,2024-06-26,Approved,236931977,236931977
2093,2093,2093,46378,22,HCM1,North,2024-04-08,Approved,287354757,287354757
2094,2094,2094,52652,13,HN1,Central,2024-05-05,Approved,350619334,350619334
2096,2096,2096,23467,48,DN1,South,2024-11-23,Approved,358820786,358820786
2097,2097,2097,41010,18,HCM1,North,2024-01-25,Approved,236700352,236700352
2101,2101,2101,54976,15,HCM2,North,2024-10-07,Approved,184891151,184891151
2104,2104,2104,96365,15,HCM2,Central,2024-11-04,Approved,291012746,291012746
2108,2108,2108,82588,32,CT1,North,2024-09-26,Approved,278372221,278372221
2112,2112,2112,28743,26,HCM2,Central,2024-10-18,Approved,300859933,300859933
2118,2118,2118,69189,9,HN1,Central,2024-12-12,Approved,194368680,194368680
2122,2122,2122,23673,19,HCM2,South,2024-12-05,Approved,264252646,264252646
2124,2124,2124,98204,35,DN1,North,2024-06-19,Approved,282507536,282507536
2126,2126,2126,75429,18,DN1,Central,2024-01-18,Approved,199887938,199887938
2127,2127,2127,33669,16,HCM2,Central,2024-08-17,Approved,266017768,266017768
2130,2130,2130,19435,25,CT1,South,2024-04-03,Approved,250809632,250809632
2132,2132,2132,47384,40,CT1,North,2024-04-04,Approved,434344392,434344392
2134,2134,2134,86153,45,DN1,North,2024-11-01,Approved,24012542,24012542
2136,2136,2136,41401,49,HCM2,North,2024-12-01,Approved,221594750,221594750
2140,2140,2140,46451,13,CT1,South,2024-05-15,Approved,239322311,239322311
2142,2142,2142,41910,14,HN1,North,2024-06-15,Approved,77312948,77312948
2143,2143,2143,46041,31,HCM1,Central,2024-12-28,Approved,372565792,372565792
2145,2145,2145,75681,39,HCM1,Central,2024-02-28,Approved,127938499,127938499
2146,2146,2146,91571,8,HCM1,Central,2024-10-30,Approved,25490966,25490966
2147,2147,2147,75481,25,HN1,Central,2024-11-18,Approved,229952950,229952950
2152,2152,2152,27014,28,HCM1,South,2024-12-02,Approved,231609029,231609029
2155,2155,2155,51621,28,HCM2,North,2024-05-12,Approved,178053862,178053862
2161,2161,2161,33711,32,HN1,Central,2024-02-25,Approved,297421161,297421161
2164,2164,2164,37213,8,HN1,North,2024-03-29,Approved,372153005,372153005
2171,2171,2171,42117,12,CT1,North,2024-01-31,Approved,18179816,18179816
2175,2175,2175,72438,5,CT1,Central,2024-09-15,Approved,408692757,408692757
2177,2177,2177,61501,41,DN1,South,2024-04-26,Approved,18167327,18167327
2178,2178,2178,70946,31,DN1,Central,2024-08-30,Approved,195739784,195739784
2182,2182,2182,86329,22,CT1,Central,2024-11-15,Approved,291725305,291725305
2186,2186,2186,22323,42,HCM1,North,2024-12-03,Approved,289695157,289695157
2189,2189,2189,26456,13,HN1,South,2024-01-31,Approved,382050938,382050938
2190,2190,2190,41367,17,DN1,Central,2024-01-31,Approved,198948717,198948717
2191,2191,2191,64624,36,HCM1,South,2024-01-22,Approved,157975206,157975206
2194,2194,2194,82240,15,HCM2,South,2024-08-03,Approved,148825784,148825784
2196,2196,2196,79249,17,DN1,Central,2024-09-14,Approved,100935080,100935080
2198,2198,2198,20756,8,DN1,North,2024-07-20,Approved,180907995,180907995
2200,2200,2200,46378,45,DN1,North,2024-08-06,Approved,411498974,411498974
2202,2202,2202,24484,46,HN1,North,2024-03-13,Approved,154143899,154143899
2204,2204,2204,44503,8,HCM2,North,2024-11-23,Approved,28415072,28415072
2205,2205,2205,83794,26,DN1,Central,2024-03-16,Approved,221652180,221652180
2207,2207,2207,84069,13,HCM1,North,2024-10-30,Approved,355745848,355745848
2208,2208,2208,15249,39,HCM2,Central,2024-06-30,Approved,233489175,233489175
2211,2211,2211,19686,28,DN1,South,2024-02-09,Approved,291270690,291270690
2218,2218,2218,20526,39,HCM1,North,2024-12-26,Approved,226432271,226432271
2221,2221,2221,38982,29,HCM2,North,2024-01-10,Approved,23610356,23610356
2222,2222,2222,10207,46,HCM2,North,2024-05-13,Approved,327357488,327357488
2223,2223,2223,98733,30,DN1,Central,2024-10-11,Approved,293529474,293529474
2226,2226,2226,56479,43,HCM2,Central,2024-10-21,Approved,372983794,372983794
2227,2227,2227,30103,21,HCM1,South,2024-01-31,Approved,248845635,248845635
2231,2231,2231,82982,17,CT1,North,2024-03-01,Approved,395500254,395500254
2234,2234,2234,39301,15,HCM1,Central,2024-10-15,Approved,151766123,151766123
2237,2237,2237,28752,44,HCM2,South,2024-08-08,Approved,396415541,396415541
2239,2239,2239,23395,23,HCM1,North,2024-11-14,Approved,298657469,298657469
2240,2240,2240,95957,30,CT1,North,2024-03-30,Approved,412441809,412441809
2241,2241,2241,66273,33,DN1,North,2024-03-11,Approved,93116054,93116054
2247,2247,2247,29169,11,DN1,South,2024-04-21,Approved,348036703,348036703
2251,2251,2251,94328,32,HCM1,South,2024-12-29,Approved,216839023,216839023
2252,2252,2252,45585,15,CT1,Central,2024-06-20,Approved,238171360,238171360
2255,2255,2255,94416,45,HN1,Central,2024-07-07,Approved,472375604,472375604
2257,2257,2257,48067,8,HCM1,Central,2024-06-22,Approved,243216789,243216789
2260,2260,2260,46035,12,CT1,North,2024-01-23,Approved,290765220,290765220
2261,2261,2261,74977,1,HN1,Central,2024-04-18,Approved,223464148,223464148
2263,2263,2263,75450,40,HN1,North,2024-04-17,Approved,126042030,126042030
2268,2268,2268,71929,31,DN1,South,2024-04-08,Approved,337687248,337687248
2272,2272,2272,44594,29,DN1,South,2024-07-10,Approved,297856176,297856176
2273,2273,2273,86957,21,CT1,Central,2024-06-16,Approved,366431682,366431682
2274,2274,2274,70631,21,HN1,South,2024-09-06,Approved,486990299,486990299
2276,2276,2276,73133,23,DN1,North,2024-02-21,Approved,230622037,230622037
2278,2278,2278,83861,22,HN1,South,2024-01-05,Approved,264544733,264544733
2281,2281,2281,50461,45,HN1,Central,2024-09-03,Approved,102089123,102089123
2283,2283,2283,88222,41,DN1,Central,2024-12-21,Approved,19843009,19843009
2284,2284,2284,34226,49,HCM2,North,2024-04-16,Approved,81100581,81100581
2285,2285,2285,16721,35,HCM2,North,2024-12-26,Approved,325989742,325989742
2286,2286,2286,66154,11,HCM1,Central,2024-01-06,Approved,183820870,183820870
2287,2287,2287,30609,24,HN1,Central,2024-09-04,Approved,91511547,91511547
2289,2289,2289,82909,21,HCM1,South,2024-07-30,Approved,350435695,350435695
2290,2290,2290,65249,2,DN1,North,2024-05-10,Approved,231070704,231070704
2294,2294,2294,73740,28,HCM1,South,2024-05-26,Approved,164074972,164074972
2296,2296,2296,39984,6,CT1,North,2024-09-30,Approved,116931149,116931149
2299,2299,2299,41552,28,CT1,Central,2024-12-24,Approved,351790691,351790691
2301,2301,2301,47685,38,DN1,Central,2024-04-18,Approved,345012498,345012498
2303,2303,2303,24716,4,DN1,North,2024-03-23,Approved,196347441,196347441
2305,2305,2305,45298,26,CT1,South,2024-12-08,Approved,209835081,209835081
2306,2306,2306,61112,49,DN1,South,2024-03-16,Approved,326220389,326220389
2307,2307,2307,33429,43,HN1,North,2024-10-29,Approved,32753541,32753541
2309,2309,2309,81308,13,HN1,North,2024-05-21,Approved,19607729,19607729
2310,2310,2310,58244,32,CT1,North,2024-04-14,Approved,444860431,444860431
2311,2311,2311,27347,17,HCM1,South,2024-05-29,Approved,376002717,376002717
2318,2318,2318,21871,40,HN1,North,2024-05-07,Approved,188320769,188320769
2320,2320,2320,84270,1,DN1,North,2024-06-12,Approved,80735487,80735487
2326,2326,2326,88213,12,HCM2,North,2024-06-22,Approved,334035854,334035854
2330,2330,2330,70545,4,HCM1,South,2024-10-01,Approved,311878088,311878088
2332,2332,2332,81966,44,HCM1,Central,2024-03-04,Approved,170613692,170613692
2333,2333,2333,49922,27,DN1,South,2024-12-30,Approved,226821514,226821514
2334,2334,2334,89364,9,HN1,South,2024-11-21,Approved,432609738,432609738
2337,2337,2337,59841,12,DN1,North,2024-08-03,Approved,139686357,139686357
2339,2339,2339,35032,24,DN1,North,2024-01-23,Approved,301656015,301656015
2340,2340,2340,47846,14,HCM2,South,2024-02-28,Approved,326492860,326492860
2342,2342,2342,54936,25,CT1,South,2024-11-17,Approved,473333312,473333312
2343,2343,2343,39794,34,HN1,Central,2024-07-15,Approved,233025613,233025613
2346,2346,2346,60331,42,CT1,South,2024-02-23,Approved,447381321,447381321
2350,2350,2350,33291,40,DN1,Central,2024-04-11,Approved,328140928,328140928
2352,2352,2352,56851,19,HCM2,Central,2024-03-16,Approved,95758622,95758622
2353,2353,2353,64823,3,HCM1,Central,2024-02-22,Approved,437942799,437942799
2355,2355,2355,53108,5,HN1,North,2024-08-24,Approved,59024218,59024218
2356,2356,2356,76918,3,HCM2,North,2024-02-06,Approved,215149677,215149677
2359,2359,2359,78828,49,HCM2,North,2024-03-09,Approved,226924328,226924328
2360,2360,2360,22411,15,HCM2,North,2024-02-07,Approved,114529528,114529528
2364,2364,2364,42371,44,HN1,Central,2024-05-15,Approved,30254910,30254910
2366,2366,2366,81229,47,HCM1,North,2024-09-18,Approved,348170331,348170331
2367,2367,2367,61196,34,HN1,South,2024-10-17,Approved,150107027,150107027
2369,2369,2369,36715,31,DN1,North,2024-01-05,Approved,241434615,241434615
2371,2371,2371,41174,12,HCM2,Central,2024-01-31,Approved,334829203,334829203
2373,2373,2373,86373,4,HCM2,Central,2024-05-28,Approved,301940373,301940373
2374,2374,2374,79252,23,HCM1,South,2024-08-24,Approved,315984148,315984148
2379,2379,2379,99818,2,CT1,North,2024-09-06,Approved,265322720,265322720
2380,2380,2380,16548,30,HCM1,South,2024-10-30,Approved,172256527,172256527
2382,2382,2382,33177,21,DN1,Central,2024-03-05,Approved,175597564,175597564
2383,2383,2383,34022,25,CT1,North,2024-02-09,Approved,270332723,270332723
2384,2384,2384,15542,20,HN1,Central,2024-02-17,Approved,189936184,189936184
2388,2388,2388,66532,33,DN1,North,2024-04-24,Approved,20263236,20263236
2397,2397,2397,20634,5,CT1,North,2024-06-11,Approved,147563744,147563744
2400,2400,2400,39300,43,DN1,South,2024-09-14,Approved,168260858,168260858
2403,2403,2403,35121,47,HCM2,Central,2024-01-04,Approved,159040123,159040123
2408,2408,2408,24056,21,HCM1,North,2024-07-21,Approved,232574501,232574501
2409,2409,2409,38380,28,CT1,Central,2024-10-26,Approved,50634954,50634954
2413,2413,2413,65316,23,CT1,North,2024-10-29,Approved,298871095,298871095
2414,2414,2414,74041,3,HCM2,North,2024-07-29,Approved,333473840,333473840
2422,2422,2422,13631,45,HCM2,North,2024-02-24,Approved,242992169,242992169
2425,2425,2425,99097,38,HCM1,North,2024-07-05,Approved,429497673,429497673
2427,2427,2427,38671,5,HN1,South,2024-04-28,Approved,35591568,35591568
2429,2429,2429,38602,48,HN1,Central,2024-02-08,Approved,245958531,245958531
2435,2435,2435,17099,28,HN1,Central,2024-10-04,Approved,232285933,232285933
2438,2438,2438,57684,39,DN1,South,2024-09-23,Approved,186348361,186348361
2439,2439,2439,40111,26,HN1,South,2024-12-01,Approved,124448517,124448517
2440,2440,2440,73936,13,DN1,South,2024-07-27,Approved,453604055,453604055
2441,2441,2441,32614,8,HN1,South,2024-11-28,Approved,237467925,237467925
2443,2443,2443,80476,30,CT1,North,2024-08-04,Approved,30920778,30920778
2444,2444,2444,70920,9,HN1,Central,2024-02-12,Approved,211183704,211183704
2445,2445,2445,73530,39,CT1,North,2024-01-31,Approved,294981555,294981555
2449,2449,2449,99570,34,HN1,South,2024-06-23,Approved,209036464,209036464
2451,2451,2451,93588,25,CT1,South,2024-07-07,Approved,24341040,24341040
2454,2454,2454,54857,22,HCM1,Central,2024-08-25,Approved,179106234,179106234
2456,2456,2456,58355,37,HN1,North,2024-01-18,Approved,213691920,213691920
2458,2458,2458,80067,1,CT1,North,2024-05-20,Approved,150232204,150232204
2459,2459,2459,74027,1,HN1,North,2024-02-03,Approved,105482266,105482266
2460,2460,2460,67906,42,HCM1,Central,2024-12-20,Approved,458332273,458332273
2461,2461,2461,38138,42,HN1,North,2024-01-20,Approved,102326220,102326220
2462,2462,2462,39956,21,DN1,Central,2024-03-17,Approved,198799568,198799568
2468,2468,2468,88815,45,CT1,Central,2024-05-17,Approved,355631835,355631835
2479,2479,2479,52600,48,HCM2,South,2024-10-15,Approved,360556962,360556962
2483,2483,2483,96205,35,HCM2,South,2024-02-11,Approved,174036874,174036874
2484,2484,2484,16910,46,HCM2,North,2024-06-03,Approved,107598493,107598493
2488,2488,2488,95667,15,DN1,South,2024-02-17,Approved,39879745,39879745
2489,2489,2489,35227,27,HN1,South,2024-02-21,Approved,23362058,23362058
2494,2494,2494,49071,6,HN1,North,2024-03-16,Approved,191083804,191083804
2498,2498,2498,74379,23,HCM1,North,2024-07-13,Approved,204401888,204401888
2499,2499,2499,67866,25,HCM1,North,2024-03-19,Approved,45502652,45502652
2505,2505,2505,55000,20,HCM2,Central,2024-04-15,Approved,32741557,32741557
2506,2506,2506,32168,6,HCM2,Central,2024-10-12,Approved,411874218,411874218
2507,2507,2507,80119,6,HN1,South,2024-02-21,Approved,368608234,368608234
2509,2509,2509,64093,4,HCM1,South,2024-04-14,Approved,462847779,462847779
2516,2516,2516,56804,15,HN1,South,2024-01-13,Approved,293414131,293414131
2518,2518,2518,74946,43,HCM2,North,2024-02-25,Approved,451826924,451826924
2520,2520,2520,71332,44,HCM1,South,2024-08-22,Approved,315710834,315710834
2525,2525,2525,47643,20,HCM2,Central,2024-08-23,Approved,20295589,20295589
2527,2527,2527,53950,35,HCM2,North,2024-05-03,Approved,302041122,302041122
2528,2528,2528,66849,32,CT1,North,2024-11-26,Approved,324664705,324664705
2533,2533,2533,65533,17,HCM2,North,2024-04-13,Approved,370461458,370461458
2534,2534,2534,92566,7,HN1,Central,2024-12-01,Approved,127145006,127145006
2541,2541,2541,33387,6,DN1,Central,2024-04-07,Approved,84045663,84045663
2547,2547,2547,34858,4,HCM2,North,2024-12-03,Approved,290174124,290174124
2548,2548,2548,58689,40,HCM2,North,2024-10-28,Approved,265394153,265394153
2549,2549,2549,54638,16,HN1,Central,2024-05-15,Approved,83827420,83827420
2556,2556,2556,77260,32,DN1,North,2024-05-22,Approved,448245728,448245728
2558,2558,2558,18706,2,DN1,Central,2024-07-01,Approved,188704022,188704022
2560,2560,2560,28037,3,HCM1,Central,2024-05-27,Approved,131560286,131560286
2562,2562,2562,91942,24,HN1,South,2024-12-19,Approved,410606947,410606947
2565,2565,2565,15926,31,CT1,South,2024-07-27,Approved,291395808,291395808
2568,2568,2568,39806,45,HCM1,North,2024-06-16,Approved,322631999,322631999
2570,2570,2570,51321,8,HCM1,South,2024-08-31,Approved,121186625,121186625
2577,2577,2577,72946,30,HCM2,North,2024-08-22,Approved,349519267,349519267
2578,2578,2578,31727,10,HCM2,South,2024-10-17,Approved,335883056,335883056
2580,2580,2580,13081,18,DN1,Central,2024-07-14,Approved,375716093,375716093
2581,2581,2581,44196,5,HN1,South,2024-12-04,Approved,400624882,400624882
2582,2582,2582,46735,29,HN1,Central,2024-09-18,Approved,60957643,60957643
2584,2584,2584,89578,34,HCM1,Central,2024-11-05,Approved,385070270,385070270
2585,2585,2585,35498,43,HCM1,South,2024-11-25,Approved,348108794,348108794
2587,2587,2587,41656,23,HCM1,North,2024-12-14,Approved,174234834,174234834
2590,2590,2590,94899,6,HCM2,South,2024-05-29,Approved,390595195,390595195
2591,2591,2591,57701,46,HCM2,South,2024-09-06,Approved,299176234,299176234
2594,2594,2594,45851,29,DN1,South,2025-01-05,Approved,303287004,303287004
2597,2597,2597,23944,32,HCM1,South,2024-12-27,Approved,112192836,112192836
2602,2602,2602,46751,32,HCM2,South,2024-09-02,Approved,318799035,318799035
2603,2603,2603,99822,9,DN1,Central,2024-03-25,Approved,142710357,142710357
2604,2604,2604,15110,37,HCM2,South,2024-08-22,Approved,306619225,306619225
2605,2605,2605,64341,10,HCM2,Central,2024-07-25,Approved,382821458,382821458
2606,2606,2606,22087,20,HN1,South,2024-09-08,Approved,358440892,358440892
2607,2607,2607,33762,6,HCM1,South,2024-10-29,Approved,162017507,162017507
2609,2609,2609,19596,3,HCM2,Central,2024-08-11,Approved,184013357,184013357
2611,2611,2611,76549,11,HCM2,Central,2024-03-10,Approved,124487911,124487911
2612,2612,2612,33705,43,CT1,North,2024-03-28,Approved,253542573,253542573
2614,2614,2614,83445,32,CT1,North,2024-03-13,Approved,123806094,123806094
2616,2616,2616,12023,4,HCM1,North,2024-12-18,Approved,173615458,173615458
2618,2618,2618,90073,41,HCM2,Central,2024-06-15,Approved,310058647,310058647
2624,2624,2624,69664,35,CT1,Central,2024-02-09,Approved,203298022,203298022
2628,2628,2628,79122,22,DN1,North,2024-04-17,Approved,26974732,26974732
2629,2629,2629,26087,48,CT1,North,2024-01-30,Approved,290028375,290028375
2631,2631,2631,33225,13,HCM1,South,2024-01-03,Approved,332931967,332931967
2635,2635,2635,75697,12,DN1,North,2024-03-02,Approved,251725619,251725619
2636,2636,2636,26029,23,CT1,North,2024-06-30,Approved,45575891,45575891
2641,2641,2641,78926,41,DN1,North,2024-11-13,Approved,258440251,258440251
2643,2643,2643,65506,23,HCM2,Central,2024-06-05,Approved,424566477,424566477
2645,2645,2645,59815,19,HCM1,North,2024-05-06,Approved,260377593,260377593
2648,2648,2648,76077,47,CT1,South,2024-11-25,Approved,281930916,281930916
2649,2649,2649,31817,23,HN1,North,2024-08-21,Approved,67586178,67586178
2650,2650,2650,47861,30,HCM1,North,2024-01-09,Approved,167160146,167160146
2651,2651,2651,23428,25,HN1,Central,2024-11-11,Approved,122614997,122614997
2652,2652,2652,53934,28,HN1,North,2024-09-19,Approved,166609195,166609195
2653,2653,2653,20258,34,HCM2,North,2024-01-21,Approved,184681689,184681689
2656,2656,2656,15469,47,HN1,Central,2024-10-25,Approved,326686272,326686272
2660,2660,2660,43937,42,HN1,North,2024-10-06,Approved,386192041,386192041
2661,2661,2661,11651,46,DN1,Central,2024-12-27,Approved,62607032,62607032
2663,2663,2663,94730,41,CT1,Central,2024-07-05,Approved,101276494,101276494
2664,2664,2664,35051,25,HCM1,Central,2024-07-01,Approved,75181864,75181864
2666,2666,2666,85054,35,DN1,Central,2024-03-18,Approved,337868877,337868877
2667,2667,2667,26184,48,HN1,Central,2024-04-14,Approved,129584498,129584498
2669,2669,2669,31621,10,CT1,North,2024-06-15,Approved,426777660,426777660
2670,2670,2670,85564,35,CT1,Central,2024-07-27,Approved,304364143,304364143
2673,2673,2673,55253,21,DN1,South,2024-01-18,Approved,162847726,162847726
2677,2677,2677,93930,7,HCM1,North,2024-02-10,Approved,62062170,62062170
2678,2678,2678,40254,17,HCM1,South,2024-04-04,Approved,452244025,452244025
2679,2679,2679,94045,2,HCM1,North,2024-09-16,Approved,252737854,252737854
2681,2681,2681,24472,42,DN1,Central,2024-08-12,Approved,178617526,178617526
2686,2686,2686,64220,18,HCM2,North,2024-03-18,Approved,73908079,73908079
2687,2687,2687,16397,35,HN1,South,2024-07-15,Approved,257871194,257871194
2689,2689,2689,63072,16,HN1,South,2024-10-19,Approved,116277805,116277805
2691,2691,2691,94530,44,HCM1,North,2024-11-24,Approved,344607761,344607761
2693,2693,2693,71330,47,CT1,North,2024-07-29,Approved,28207179,28207179
2695,2695,2695,35122,48,CT1,North,2024-11-29,Approved,109642244,109642244
2697,2697,2697,91906,12,HCM1,Central,2024-11-09,Approved,376882047,376882047
2700,2700,2700,32436,39,DN1,North,2024-01-09,Approved,380516969,380516969
2701,2701,2701,52963,2,DN1,Central,2024-04-06,Approved,19692116,19692116
2702,2702,2702,12096,26,DN1,South,2024-03-07,Approved,80453389,80453389
2703,2703,2703,35279,27,DN1,North,2024-11-12,Approved,129993663,129993663
2705,2705,2705,29715,15,CT1,Central,2024-08-22,Approved,460704309,460704309
2708,2708,2708,66614,47,DN1,North,2024-09-04,Approved,201260547,201260547
2709,2709,2709,15105,46,HCM1,Central,2024-09-28,Approved,233243133,233243133
2710,2710,2710,12839,40,HCM1,South,2024-03-26,Approved,279639690,279639690
2712,2712,2712,53619,13,HCM2,North,2024-06-03,Approved,146151410,146151410
2715,2715,2715,27069,17,CT1,Central,2024-03-05,Approved,30661767,30661767
2719,2719,2719,17710,5,DN1,South,2024-06-09,Approved,312778793,312778793
2722,2722,2722,72424,36,CT1,North,2024-12-27,Approved,150535529,150535529
2725,2725,2725,90797,47,CT1,Central,2024-09-02,Approved,46807485,46807485
2726,2726,2726,11431,12,HCM2,Central,2024-10-18,Approved,391962451,391962451
2727,2727,2727,84603,37,DN1,North,2024-08-21,Approved,346892316,346892316
2729,2729,2729,19557,23,HCM1,South,2024-03-18,Approved,180176594,180176594
2731,2731,2731,10162,14,CT1,North,2024-01-23,Approved,187727374,187727374
2732,2732,2732,44742,10,DN1,North,2024-01-27,Approved,86053102,86053102
2733,2733,2733,29675,7,HCM1,South,2024-08-14,Approved,50254489,50254489
2739,2739,2739,17896,36,HN1,Central,2024-07-23,Approved,211083273,211083273
2741,2741,2741,59733,46,DN1,North,2024-07-21,Approved,191300352,191300352
2743,2743,2743,15347,13,HCM2,Central,2024-12-07,Approved,412425380,412425380
2744,2744,2744,69063,42,CT1,South,2024-01-15,Approved,151110953,151110953
2745,2745,2745,12643,21,DN1,South,2024-12-14,Approved,199363773,199363773
2748,2748,2748,60026,29,CT1,South,2024-08-15,Approved,337539035,337539035
2751,2751,2751,27073,6,HCM2,North,2024-10-03,Approved,167844321,167844321
2753,2753,2753,24289,2,HN1,South,2024-01-24,Approved,280372462,280372462
2761,2761,2761,12539,45,CT1,South,2024-10-18,Approved,39557122,39557122
2763,2763,2763,80968,23,HCM1,Central,2024-05-21,Approved,21072707,21072707
2765,2765,2765,28745,13,DN1,Central,2024-06-05,Approved,350652625,350652625
2768,2768,2768,36928,36,HCM2,South,2024-04-03,Approved,162739578,162739578
2770,2770,2770,67714,47,HCM2,South,2024-09-21,Approved,384421457,384421457
2772,2772,2772,72292,9,HN1,North,2024-02-28,Approved,196676966,196676966
2777,2777,2777,16304,47,CT1,South,2024-08-19,Approved,292084649,292084649
2781,2781,2781,98553,32,DN1,South,2024-07-02,Approved,254164077,254164077
2786,2786,2786,72032,23,DN1,South,2024-02-08,Approved,257348200,257348200
2791,2791,2791,28474,29,HCM2,South,2024-10-08,Approved,195865652,195865652
2792,2792,2792,56760,44,HCM2,South,2024-08-26,Approved,80100292,80100292
2793,2793,2793,65718,34,HN1,North,2024-09-18,Approved,285908276,285908276
2794,2794,2794,54629,13,HCM1,North,2024-01-30,Approved,322654164,322654164
2795,2795,2795,55232,42,HCM1,Central,2024-04-25,Approved,165175763,165175763
2798,2798,2798,60669,31,DN1,South,2024-02-02,Approved,295659937,295659937
2799,2799,2799,88021,7,CT1,Central,2024-07-07,Approved,350021161,350021161
2800,2800,2800,79184,4,HCM2,North,2024-10-19,Approved,309891865,309891865
2804,2804,2804,24357,31,DN1,South,2024-02-11,Approved,152493869,152493869
2805,2805,2805,78673,35,DN1,North,2024-10-14,Approved,203572689,203572689
2808,2808,2808,88258,19,HCM2,North,2024-11-18,Approved,156239771,156239771
2811,2811,2811,84071,2,HCM2,Central,2025-01-01,Approved,386526046,386526046
2814,2814,2814,80202,2,HCM1,Central,2024-12-22,Approved,361597070,361597070
2817,2817,2817,77263,32,HCM1,South,2024-10-02,Approved,168095765,168095765
2831,2831,2831,82055,47,CT1,Central,2024-09-05,Approved,173246545,173246545
2833,2833,2833,28133,31,HCM1,Central,2024-11-08,Approved,57174020,57174020
2838,2838,2838,16823,32,HN1,Central,2024-12-05,Approved,88613590,88613590
2839,2839,2839,28489,1,CT1,Central,2024-07-17,Approved,47629882,47629882
2842,2842,2842,91816,42,HCM1,South,2024-05-26,Approved,105306060,105306060
2844,2844,2844,23565,2,CT1,North,2024-10-05,Approved,217512367,217512367
2851,2851,2851,31253,11,HCM2,North,2024-07-01,Approved,162218753,162218753
2854,2854,2854,36390,11,HCM2,Central,2024-10-28,Approved,468341044,468341044
2855,2855,2855,98664,45,DN1,Central,2024-10-14,Approved,320558595,320558595
2856,2856,2856,61578,3,HN1,Central,2024-01-28,Approved,190163662,190163662
2860,2860,2860,12551,27,CT1,North,2024-02-24,Approved,90022216,90022216
2861,2861,2861,81947,49,HN1,Central,2024-04-01,Approved,82206238,82206238
2862,2862,2862,71001,2,HCM2,Central,2024-06-04,Approved,261276761,261276761
2863,2863,2863,59159,49,DN1,South,2024-07-11,Approved,410844517,410844517
2864,2864,2864,61707,16,CT1,South,2024-11-10,Approved,169003760,169003760
2866,2866,2866,31800,30,HN1,North,2024-05-22,Approved,359933558,359933558
2867,2867,2867,85939,20,CT1,Central,2024-03-13,Approved,325741426,325741426
2869,2869,2869,17239,28,CT1,South,2024-12-08,Approved,217783722,217783722
2871,2871,2871,31384,32,CT1,North,2024-05-01,Approved,350482330,350482330
2873,2873,2873,50846,42,DN1,South,2024-06-04,Approved,362908410,362908410
2876,2876,2876,47991,13,HCM2,South,2024-09-05,Approved,229178448,229178448
2879,2879,2879,39139,47,HCM1,Central,2024-02-18,Approved,292561647,292561647
2880,2880,2880,95445,37,HN1,Central,2024-04-09,Approved,38063877,38063877
2883,2883,2883,94742,22,HN1,South,2024-08-05,Approved,93641672,93641672
2886,2886,2886,21116,27,HN1,Central,2024-04-10,Approved,281393848,281393848
2887,2887,2887,75794,41,HCM1,North,2024-01-17,Approved,176269432,176269432
2893,2893,2893,95120,2,DN1,Central,2024-08-15,Approved,189714754,189714754
2894,2894,2894,99087,12,HCM2,Central,2024-06-10,Approved,261065963,261065963
2900,2900,2900,49901,10,HCM1,South,2024-10-11,Approved,224283087,224283087
2901,2901,2901,21205,32,DN1,North,2024-12-08,Approved,417968602,417968602
2902,2902,2902,65661,34,HCM2,Central,2024-12-18,Approved,111223049,111223049
2904,2904,2904,12591,20,HCM2,South,2024-10-14,Approved,340785347,340785347
2905,2905,2905,72987,39,HCM2,Central,2024-12-25,Approved,129198749,129198749
2908,2908,2908,64400,36,DN1,North,2024-02-18,Approved,284281860,284281860
2909,2909,2909,35150,24,HCM2,Central,2024-07-26,Approved,276032978,276032978
2910,2910,2910,41852,27,HCM2,Central,2024-08-04,Approved,193109527,193109527
2915,2915,2915,43691,29,DN1,South,2024-02-14,Approved,360508758,360508758
2922,2922,2922,18004,24,HN1,Central,2024-08-27,Approved,125818767,125818767
2927,2927,2927,98708,37,DN1,South,2024-10-16,Approved,199330796,199330796
2932,2932,2932,19587,12,HN1,North,2024-05-18,Approved,249421431,249421431
2933,2933,2933,10645,22,CT1,Central,2024-04-23,Approved,68537149,68537149
2934,2934,2934,40930,6,HCM2,Central,2024-04-30,Approved,464889903,464889903
2936,2936,2936,40090,45,DN1,North,2024-11-12,Approved,419102479,419102479
2937,2937,2937,97489,36,CT1,North,2024-04-14,Approved,50054997,50054997
2938,2938,2938,62142,22,HCM2,Central,2024-09-19,Approved,302982890,302982890
2941,2941,2941,53732,36,HCM2,North,2024-10-16,Approved,58995664,58995664
2942,2942,2942,91623,25,HN1,South,2024-12-01,Approved,328629313,328629313
2943,2943,2943,56305,32,CT1,North,2024-04-13,Approved,74544378,74544378
2944,2944,2944,56037,33,HCM1,South,2024-03-11,Approved,110418357,110418357
2946,2946,2946,10587,36,DN1,South,2024-10-09,Approved,199690143,199690143
2948,2948,2948,69165,18,DN1,South,2024-08-19,Approved,364527890,364527890
2950,2950,2950,46116,3,HCM2,Central,2024-05-13,Approved,265823700,265823700
2951,2951,2951,95751,23,HCM1,Central,2024-04-02,Approved,243726796,243726796
2953,2953,2953,69042,45,DN1,Central,2024-12-29,Approved,454512349,454512349
2954,2954,2954,28099,16,HCM2,Central,2024-02-25,Approved,385744162,385744162
2955,2955,2955,55096,5,HN1,South,2024-09-03,Approved,266761172,266761172
2960,2960,2960,43866,39,HN1,North,2024-08-21,Approved,216235892,216235892
2961,2961,2961,94246,31,CT1,North,2024-06-12,Approved,312314605,312314605
2962,2962,2962,86975,14,HCM1,Central,2024-07-24,Approved,24839895,24839895
2965,2965,2965,16416,16,HN1,Central,2024-08-13,Approved,337411612,337411612
2966,2966,2966,82516,17,HCM1,South,2024-09-10,Approved,315039802,315039802
2968,2968,2968,28058,23,HCM1,South,2024-08-28,Approved,332513669,332513669
2969,2969,2969,86637,14,HCM2,South,2024-12-28,Approved,139973046,139973046
2971,2971,2971,42602,46,HN1,Central,2024-09-25,Approved,162827634,162827634
2976,2976,2976,97969,41,CT1,South,2024-03-06,Approved,270318399,270318399
2983,2983,2983,86229,23,CT1,North,2024-06-25,Approved,133411341,133411341
2985,2985,2985,38795,14,HCM1,Central,2024-10-09,Approved,26855529,26855529
2986,2986,2986,65296,15,HCM2,North,2024-03-20,Approved,303288435,303288435
2989,2989,2989,51814,31,HCM1,South,2024-02-16,Approved,403723273,403723273
2995,2995,2995,19528,23,DN1,South,2024-03-15,Approved,289919111,289919111
